--------------------------------------------------------
-- Archivo creado  - mi�rcoles-diciembre-23-2020   
--------------------------------------------------------
--------------------------------------------------------
--  DDL for Sequence ACTIVITY_PROJECT_SEQUENCE
--------------------------------------------------------

   CREATE SEQUENCE  "INVESTIGACION"."ACTIVITY_PROJECT_SEQUENCE"  MINVALUE 1 MAXVALUE 9999999999999999999999999999 INCREMENT BY 50 START WITH 1 CACHE 20 NOORDER  NOCYCLE  NOKEEP  NOSCALE  GLOBAL ;
--------------------------------------------------------
--  DDL for Sequence PROJECT_RESPONSIBLE_TYPE
--------------------------------------------------------

   CREATE SEQUENCE  "INVESTIGACION"."PROJECT_RESPONSIBLE_TYPE"  MINVALUE 1 MAXVALUE 9999999999999999999999999999 INCREMENT BY 50 START WITH 1 CACHE 20 NOORDER  NOCYCLE  NOKEEP  NOSCALE  GLOBAL ;
--------------------------------------------------------
--  DDL for Sequence UZISACTIRES_CODE
--------------------------------------------------------

   CREATE SEQUENCE  "INVESTIGACION"."UZISACTIRES_CODE"  MINVALUE 1 MAXVALUE 9999999999999999999999999999 INCREMENT BY 1 START WITH 1 CACHE 20 NOORDER  NOCYCLE  NOKEEP  NOSCALE  GLOBAL ;
--------------------------------------------------------
--  DDL for Sequence UZISAMPLAKNO_CODE
--------------------------------------------------------

   CREATE SEQUENCE  "INVESTIGACION"."UZISAMPLAKNO_CODE"  MINVALUE 1 MAXVALUE 9999999999999999999999999999 INCREMENT BY 1 START WITH 21 CACHE 20 NOORDER  NOCYCLE  NOKEEP  NOSCALE  GLOBAL ;
--------------------------------------------------------
--  DDL for Sequence UZISAREA_CODE
--------------------------------------------------------

   CREATE SEQUENCE  "INVESTIGACION"."UZISAREA_CODE"  MINVALUE 1 MAXVALUE 9999999999999999999999999999 INCREMENT BY 1 START WITH 41 CACHE 20 NOORDER  NOCYCLE  NOKEEP  NOSCALE  GLOBAL ;
--------------------------------------------------------
--  DDL for Sequence UZISBIBLIO_CODE
--------------------------------------------------------

   CREATE SEQUENCE  "INVESTIGACION"."UZISBIBLIO_CODE"  MINVALUE 1 MAXVALUE 9999999999999999999999999999 INCREMENT BY 1 START WITH 1 CACHE 20 NOORDER  NOCYCLE  NOKEEP  NOSCALE  GLOBAL ;
--------------------------------------------------------
--  DDL for Sequence UZISCALLAR_CODE
--------------------------------------------------------

   CREATE SEQUENCE  "INVESTIGACION"."UZISCALLAR_CODE"  MINVALUE 1 MAXVALUE 9999999999999999999999999999 INCREMENT BY 1 START WITH 21 CACHE 20 NOORDER  NOCYCLE  NOKEEP  NOSCALE  GLOBAL ;
--------------------------------------------------------
--  DDL for Sequence UZISCALL_CODE
--------------------------------------------------------

   CREATE SEQUENCE  "INVESTIGACION"."UZISCALL_CODE"  MINVALUE 1 MAXVALUE 9999999999999999999999999999 INCREMENT BY 1 START WITH 21 CACHE 20 NOORDER  NOCYCLE  NOKEEP  NOSCALE  GLOBAL ;
--------------------------------------------------------
--  DDL for Sequence UZISCOLCAR_CODE
--------------------------------------------------------

   CREATE SEQUENCE  "INVESTIGACION"."UZISCOLCAR_CODE"  MINVALUE 1 MAXVALUE 9999999999999999999999999999 INCREMENT BY 1 START WITH 21 CACHE 20 NOORDER  NOCYCLE  NOKEEP  NOSCALE  GLOBAL ;
--------------------------------------------------------
--  DDL for Sequence UZISCOLDEP_CODE
--------------------------------------------------------

   CREATE SEQUENCE  "INVESTIGACION"."UZISCOLDEP_CODE"  MINVALUE 1 MAXVALUE 9999999999999999999999999999 INCREMENT BY 1 START WITH 21 CACHE 20 NOORDER  NOCYCLE  NOKEEP  NOSCALE  GLOBAL ;
--------------------------------------------------------
--  DDL for Sequence UZISCOVER_CODE
--------------------------------------------------------

   CREATE SEQUENCE  "INVESTIGACION"."UZISCOVER_CODE"  MINVALUE 1 MAXVALUE 9999999999999999999999999999 INCREMENT BY 1 START WITH 1 CACHE 20 NOORDER  NOCYCLE  NOKEEP  NOSCALE  GLOBAL ;
--------------------------------------------------------
--  DDL for Sequence UZISCOVERTPY_CODE
--------------------------------------------------------

   CREATE SEQUENCE  "INVESTIGACION"."UZISCOVERTPY_CODE"  MINVALUE 1 MAXVALUE 9999999999999999999999999999 INCREMENT BY 1 START WITH 21 CACHE 20 NOORDER  NOCYCLE  NOKEEP  NOSCALE  GLOBAL ;
--------------------------------------------------------
--  DDL for Sequence UZISDETAAKNO_CODE
--------------------------------------------------------

   CREATE SEQUENCE  "INVESTIGACION"."UZISDETAAKNO_CODE"  MINVALUE 1 MAXVALUE 9999999999999999999999999999 INCREMENT BY 1 START WITH 21 CACHE 20 NOORDER  NOCYCLE  NOKEEP  NOSCALE  GLOBAL ;
--------------------------------------------------------
--  DDL for Sequence UZISECPARGO_CODE
--------------------------------------------------------

   CREATE SEQUENCE  "INVESTIGACION"."UZISECPARGO_CODE"  MINVALUE 1 MAXVALUE 9999999999999999999999999999 INCREMENT BY 1 START WITH 21 CACHE 20 NOORDER  NOCYCLE  NOKEEP  NOSCALE  GLOBAL ;
--------------------------------------------------------
--  DDL for Sequence UZISESPEAKNO_CODE
--------------------------------------------------------

   CREATE SEQUENCE  "INVESTIGACION"."UZISESPEAKNO_CODE"  MINVALUE 1 MAXVALUE 9999999999999999999999999999 INCREMENT BY 1 START WITH 21 CACHE 20 NOORDER  NOCYCLE  NOKEEP  NOSCALE  GLOBAL ;
--------------------------------------------------------
--  DDL for Sequence UZISGOALACTI_CODE
--------------------------------------------------------

   CREATE SEQUENCE  "INVESTIGACION"."UZISGOALACTI_CODE"  MINVALUE 1 MAXVALUE 9999999999999999999999999999 INCREMENT BY 1 START WITH 1 CACHE 20 NOORDER  NOCYCLE  NOKEEP  NOSCALE  GLOBAL ;
--------------------------------------------------------
--  DDL for Sequence UZISGOALPL_CODE
--------------------------------------------------------

   CREATE SEQUENCE  "INVESTIGACION"."UZISGOALPL_CODE"  MINVALUE 1 MAXVALUE 9999999999999999999999999999 INCREMENT BY 1 START WITH 21 CACHE 20 NOORDER  NOCYCLE  NOKEEP  NOSCALE  GLOBAL ;
--------------------------------------------------------
--  DDL for Sequence UZISINSTINV_CODE
--------------------------------------------------------

   CREATE SEQUENCE  "INVESTIGACION"."UZISINSTINV_CODE"  MINVALUE 1 MAXVALUE 9999999999999999999999999999 INCREMENT BY 1 START WITH 21 CACHE 20 NOORDER  NOCYCLE  NOKEEP  NOSCALE  GLOBAL ;
--------------------------------------------------------
--  DDL for Sequence UZISLINRES_CODE
--------------------------------------------------------

   CREATE SEQUENCE  "INVESTIGACION"."UZISLINRES_CODE"  MINVALUE 1 MAXVALUE 9999999999999999999999999999 INCREMENT BY 1 START WITH 21 CACHE 20 NOORDER  NOCYCLE  NOKEEP  NOSCALE  GLOBAL ;
--------------------------------------------------------
--  DDL for Sequence UZISNEWS_CODE
--------------------------------------------------------

   CREATE SEQUENCE  "INVESTIGACION"."UZISNEWS_CODE"  MINVALUE 1 MAXVALUE 9999999999999999999999999999 INCREMENT BY 1 START WITH 21 CACHE 20 NOORDER  NOCYCLE  NOKEEP  NOSCALE  GLOBAL ;
--------------------------------------------------------
--  DDL for Sequence UZISNOTIFI_CODE
--------------------------------------------------------

   CREATE SEQUENCE  "INVESTIGACION"."UZISNOTIFI_CODE"  MINVALUE 1 MAXVALUE 9999999999999999999999999999 INCREMENT BY 1 START WITH 21 CACHE 20 NOORDER  NOCYCLE  NOKEEP  NOSCALE  GLOBAL ;
--------------------------------------------------------
--  DDL for Sequence UZISPOLICYPL_CODE
--------------------------------------------------------

   CREATE SEQUENCE  "INVESTIGACION"."UZISPOLICYPL_CODE"  MINVALUE 1 MAXVALUE 9999999999999999999999999999 INCREMENT BY 1 START WITH 101 CACHE 20 NOORDER  NOCYCLE  NOKEEP  NOSCALE  GLOBAL ;
--------------------------------------------------------
--  DDL for Sequence UZISPOSPRO_CODE
--------------------------------------------------------

   CREATE SEQUENCE  "INVESTIGACION"."UZISPOSPRO_CODE"  MINVALUE 1 MAXVALUE 9999999999999999999999999999 INCREMENT BY 1 START WITH 21 CACHE 20 NOORDER  NOCYCLE  NOKEEP  NOSCALE  GLOBAL ;
--------------------------------------------------------
--  DDL for Sequence UZISPROGRA_CODE
--------------------------------------------------------

   CREATE SEQUENCE  "INVESTIGACION"."UZISPROGRA_CODE"  MINVALUE 1 MAXVALUE 9999999999999999999999999999 INCREMENT BY 1 START WITH 21 CACHE 20 NOORDER  NOCYCLE  NOKEEP  NOSCALE  GLOBAL ;
--------------------------------------------------------
--  DDL for Sequence UZISPROJEC_CODE
--------------------------------------------------------

   CREATE SEQUENCE  "INVESTIGACION"."UZISPROJEC_CODE"  MINVALUE 1 MAXVALUE 9999999999999999999999999999 INCREMENT BY 1 START WITH 1 CACHE 20 NOORDER  NOCYCLE  NOKEEP  NOSCALE  GLOBAL ;
--------------------------------------------------------
--  DDL for Sequence UZISPROJGOAL_CODE
--------------------------------------------------------

   CREATE SEQUENCE  "INVESTIGACION"."UZISPROJGOAL_CODE"  MINVALUE 1 MAXVALUE 9999999999999999999999999999 INCREMENT BY 1 START WITH 1 CACHE 20 NOORDER  NOCYCLE  NOKEEP  NOSCALE  GLOBAL ;
--------------------------------------------------------
--  DDL for Sequence UZISPROJREQ_CODE
--------------------------------------------------------

   CREATE SEQUENCE  "INVESTIGACION"."UZISPROJREQ_CODE"  MINVALUE 1 MAXVALUE 9999999999999999999999999999 INCREMENT BY 1 START WITH 1 CACHE 20 NOORDER  NOCYCLE  NOKEEP  NOSCALE  GLOBAL ;
--------------------------------------------------------
--  DDL for Sequence UZISPROMEM_CODE
--------------------------------------------------------

   CREATE SEQUENCE  "INVESTIGACION"."UZISPROMEM_CODE"  MINVALUE 1 MAXVALUE 9999999999999999999999999999 INCREMENT BY 1 START WITH 21 CACHE 20 NOORDER  NOCYCLE  NOKEEP  NOSCALE  GLOBAL ;
--------------------------------------------------------
--  DDL for Sequence UZISPRORES_CODE
--------------------------------------------------------

   CREATE SEQUENCE  "INVESTIGACION"."UZISPRORES_CODE"  MINVALUE 1 MAXVALUE 9999999999999999999999999999 INCREMENT BY 1 START WITH 1 CACHE 20 NOORDER  NOCYCLE  NOKEEP  NOSCALE  GLOBAL ;
--------------------------------------------------------
--  DDL for Sequence UZISPRORESTY_CODE
--------------------------------------------------------

   CREATE SEQUENCE  "INVESTIGACION"."UZISPRORESTY_CODE"  MINVALUE 1 MAXVALUE 9999999999999999999999999999 INCREMENT BY 1 START WITH 21 CACHE 20 NOORDER  NOCYCLE  NOKEEP  NOSCALE  GLOBAL ;
--------------------------------------------------------
--  DDL for Sequence UZISPROSTA_CODE
--------------------------------------------------------

   CREATE SEQUENCE  "INVESTIGACION"."UZISPROSTA_CODE"  MINVALUE 1 MAXVALUE 9999999999999999999999999999 INCREMENT BY 1 START WITH 21 CACHE 20 NOORDER  NOCYCLE  NOKEEP  NOSCALE  GLOBAL ;
--------------------------------------------------------
--  DDL for Sequence UZISPROSTSER_CODE
--------------------------------------------------------

   CREATE SEQUENCE  "INVESTIGACION"."UZISPROSTSER_CODE"  MINVALUE 1 MAXVALUE 9999999999999999999999999999 INCREMENT BY 1 START WITH 1 CACHE 20 NOORDER  NOCYCLE  NOKEEP  NOSCALE  GLOBAL ;
--------------------------------------------------------
--  DDL for Sequence UZISPROTY_CODE
--------------------------------------------------------

   CREATE SEQUENCE  "INVESTIGACION"."UZISPROTY_CODE"  MINVALUE 1 MAXVALUE 9999999999999999999999999999 INCREMENT BY 1 START WITH 21 CACHE 20 NOORDER  NOCYCLE  NOKEEP  NOSCALE  GLOBAL ;
--------------------------------------------------------
--  DDL for Sequence UZISRECORD_CODE
--------------------------------------------------------

   CREATE SEQUENCE  "INVESTIGACION"."UZISRECORD_CODE"  MINVALUE 1 MAXVALUE 9999999999999999999999999999 INCREMENT BY 1 START WITH 1 CACHE 20 NOORDER  NOCYCLE  NOKEEP  NOSCALE  GLOBAL ;
--------------------------------------------------------
--  DDL for Sequence UZISREQ_CODE
--------------------------------------------------------

   CREATE SEQUENCE  "INVESTIGACION"."UZISREQ_CODE"  MINVALUE 1 MAXVALUE 9999999999999999999999999999 INCREMENT BY 1 START WITH 21 CACHE 20 NOORDER  NOCYCLE  NOKEEP  NOSCALE  GLOBAL ;
--------------------------------------------------------
--  DDL for Sequence UZISRES_CODE
--------------------------------------------------------

   CREATE SEQUENCE  "INVESTIGACION"."UZISRES_CODE"  MINVALUE 1 MAXVALUE 9999999999999999999999999999 INCREMENT BY 1 START WITH 21 CACHE 20 NOORDER  NOCYCLE  NOKEEP  NOSCALE  GLOBAL ;
--------------------------------------------------------
--  DDL for Sequence UZISRESGRO_CODE
--------------------------------------------------------

   CREATE SEQUENCE  "INVESTIGACION"."UZISRESGRO_CODE"  MINVALUE 1 MAXVALUE 9999999999999999999999999999 INCREMENT BY 1 START WITH 21 CACHE 20 NOORDER  NOCYCLE  NOKEEP  NOSCALE  GLOBAL ;
--------------------------------------------------------
--  DDL for Sequence UZISRESTYP_CODE
--------------------------------------------------------

   CREATE SEQUENCE  "INVESTIGACION"."UZISRESTYP_CODE"  MINVALUE 1 MAXVALUE 9999999999999999999999999999 INCREMENT BY 1 START WITH 21 CACHE 20 NOORDER  NOCYCLE  NOKEEP  NOSCALE  GLOBAL ;
--------------------------------------------------------
--  DDL for Sequence UZISSCIDIS_CODE
--------------------------------------------------------

   CREATE SEQUENCE  "INVESTIGACION"."UZISSCIDIS_CODE"  MINVALUE 1 MAXVALUE 9999999999999999999999999999 INCREMENT BY 1 START WITH 21 CACHE 20 NOORDER  NOCYCLE  NOKEEP  NOSCALE  GLOBAL ;
--------------------------------------------------------
--  DDL for Sequence UZISSUNEAKNO_CODE
--------------------------------------------------------

   CREATE SEQUENCE  "INVESTIGACION"."UZISSUNEAKNO_CODE"  MINVALUE 1 MAXVALUE 9999999999999999999999999999 INCREMENT BY 1 START WITH 21 CACHE 20 NOORDER  NOCYCLE  NOKEEP  NOSCALE  GLOBAL ;
--------------------------------------------------------
--  DDL for Sequence UZISUNESAKNO_CODE
--------------------------------------------------------

   CREATE SEQUENCE  "INVESTIGACION"."UZISUNESAKNO_CODE"  MINVALUE 1 MAXVALUE 9999999999999999999999999999 INCREMENT BY 1 START WITH 21 CACHE 20 NOORDER  NOCYCLE  NOKEEP  NOSCALE  GLOBAL ;
--------------------------------------------------------
--  DDL for Sequence UZISUSER_CODE
--------------------------------------------------------

   CREATE SEQUENCE  "INVESTIGACION"."UZISUSER_CODE"  MINVALUE 1 MAXVALUE 9999999999999999999999999999 INCREMENT BY 1 START WITH 21 CACHE 20 NOORDER  NOCYCLE  NOKEEP  NOSCALE  GLOBAL ;
--------------------------------------------------------
--  DDL for Sequence UZITAMPLAKNO_SEQ
--------------------------------------------------------

   CREATE SEQUENCE  "INVESTIGACION"."UZITAMPLAKNO_SEQ"  MINVALUE 1 MAXVALUE 9999999999999999999999999999 INCREMENT BY 1 START WITH 21 CACHE 20 NOORDER  NOCYCLE  NOKEEP  NOSCALE  GLOBAL ;
--------------------------------------------------------
--  DDL for Sequence UZITCALLREQ_SEQ
--------------------------------------------------------

   CREATE SEQUENCE  "INVESTIGACION"."UZITCALLREQ_SEQ"  MINVALUE 1 MAXVALUE 9999999999999999999999999999 INCREMENT BY 1 START WITH 21 CACHE 20 NOORDER  NOCYCLE  NOKEEP  NOSCALE  GLOBAL ;
--------------------------------------------------------
--  DDL for Sequence UZITEXECAGEN_SEQ
--------------------------------------------------------

   CREATE SEQUENCE  "INVESTIGACION"."UZITEXECAGEN_SEQ"  MINVALUE 1 MAXVALUE 9999999999999999999999999999 INCREMENT BY 1 START WITH 21 CACHE 20 NOORDER  NOCYCLE  NOKEEP  NOSCALE  GLOBAL ;
--------------------------------------------------------
--  DDL for Sequence UZITGOAL_SEQ
--------------------------------------------------------

   CREATE SEQUENCE  "INVESTIGACION"."UZITGOAL_SEQ"  MINVALUE 1 MAXVALUE 9999999999999999999999999999 INCREMENT BY 1 START WITH 1 CACHE 20 NOORDER  NOCYCLE  NOKEEP  NOSCALE  GLOBAL ;
--------------------------------------------------------
--  DDL for Sequence UZITNEWS_SEQ
--------------------------------------------------------

   CREATE SEQUENCE  "INVESTIGACION"."UZITNEWS_SEQ"  MINVALUE 1 MAXVALUE 9999999999999999999999999999 INCREMENT BY 1 START WITH 21 CACHE 20 NOORDER  NOCYCLE  NOKEEP  NOSCALE  GLOBAL ;
--------------------------------------------------------
--  DDL for Sequence UZITNOTIFI_SEQ
--------------------------------------------------------

   CREATE SEQUENCE  "INVESTIGACION"."UZITNOTIFI_SEQ"  MINVALUE 1 MAXVALUE 9999999999999999999999999999 INCREMENT BY 1 START WITH 21 CACHE 20 NOORDER  NOCYCLE  NOKEEP  NOSCALE  GLOBAL ;
--------------------------------------------------------
--  DDL for Sequence UZITREQ_SEQ
--------------------------------------------------------

   CREATE SEQUENCE  "INVESTIGACION"."UZITREQ_SEQ"  MINVALUE 1 MAXVALUE 9999999999999999999999999999 INCREMENT BY 1 START WITH 41 CACHE 20 NOORDER  NOCYCLE  NOKEEP  NOSCALE  GLOBAL ;
--------------------------------------------------------
--  DDL for Sequence UZITUSER_SEQ
--------------------------------------------------------

   CREATE SEQUENCE  "INVESTIGACION"."UZITUSER_SEQ"  MINVALUE 1 MAXVALUE 9999999999999999999999999999 INCREMENT BY 1 START WITH 21 CACHE 20 NOORDER  NOCYCLE  NOKEEP  NOSCALE  GLOBAL ;
--------------------------------------------------------
--  DDL for Table UZITACTIRES
--------------------------------------------------------

  CREATE TABLE "INVESTIGACION"."UZITACTIRES" 
   (	"UZITACTIRES_CODE" NUMBER(19,0), 
	"UZITACTIRES_CRTBUD" FLOAT(126), 
	"UZITACTIRES_INVBUD" FLOAT(126), 
	"UZITRES_STATE" NUMBER(1,0), 
	"UZITGOALACTI_CODE" NUMBER(19,0), 
	"UZITRES_CODE" NUMBER(19,0)
   ) SEGMENT CREATION DEFERRED 
  PCTFREE 10 PCTUSED 40 INITRANS 1 MAXTRANS 255 
 NOCOMPRESS LOGGING
  TABLESPACE "USERS" ;
--------------------------------------------------------
--  DDL for Table UZITAMPLAKNO
--------------------------------------------------------

  CREATE TABLE "INVESTIGACION"."UZITAMPLAKNO" 
   (	"UZITAMPLAKNO_CODE" NUMBER(19,0), 
	"UZITAMPLAKNO_NAME" VARCHAR2(255 CHAR), 
	"UZITAMPLAKNO_STATE" NUMBER(1,0)
   ) SEGMENT CREATION IMMEDIATE 
  PCTFREE 10 PCTUSED 40 INITRANS 1 MAXTRANS 255 
 NOCOMPRESS LOGGING
  STORAGE(INITIAL 65536 NEXT 1048576 MINEXTENTS 1 MAXEXTENTS 2147483645
  PCTINCREASE 0 FREELISTS 1 FREELIST GROUPS 1
  BUFFER_POOL DEFAULT FLASH_CACHE DEFAULT CELL_FLASH_CACHE DEFAULT)
  TABLESPACE "USERS" ;
--------------------------------------------------------
--  DDL for Table UZITAREA
--------------------------------------------------------

  CREATE TABLE "INVESTIGACION"."UZITAREA" 
   (	"UZITAREA_CODE" NUMBER(19,0), 
	"UZITAREA_NAME" VARCHAR2(255 CHAR), 
	"UZITAREA_STATE" NUMBER(1,0)
   ) SEGMENT CREATION IMMEDIATE 
  PCTFREE 10 PCTUSED 40 INITRANS 1 MAXTRANS 255 
 NOCOMPRESS LOGGING
  STORAGE(INITIAL 65536 NEXT 1048576 MINEXTENTS 1 MAXEXTENTS 2147483645
  PCTINCREASE 0 FREELISTS 1 FREELIST GROUPS 1
  BUFFER_POOL DEFAULT FLASH_CACHE DEFAULT CELL_FLASH_CACHE DEFAULT)
  TABLESPACE "USERS" ;
--------------------------------------------------------
--  DDL for Table UZITBIBLIO
--------------------------------------------------------

  CREATE TABLE "INVESTIGACION"."UZITBIBLIO" 
   (	"UZITBIBLIO_CODE" NUMBER(19,0), 
	"UZITBIBLIO_AUTHOR" VARCHAR2(255 CHAR), 
	"UZITBIBLIO_CITY" VARCHAR2(255 CHAR), 
	"UZITBIBLIO_COUNTRY" VARCHAR2(255 CHAR), 
	"UZITBIBLIO_EDITORIAL" VARCHAR2(255 CHAR), 
	"UZITBIBLIO_PAGE_NAME" VARCHAR2(255 CHAR), 
	"UZITBIBLIO_STATE" NUMBER(1,0), 
	"UZITBIBLIO_TITLE" VARCHAR2(255 CHAR), 
	"UZITBIBLIO_URL" VARCHAR2(255 CHAR), 
	"UZITBIBLIO_WEBSITE" NUMBER(1,0), 
	"UZITBIBLIO_YEAR" NUMBER(10,0), 
	"UZITPROJEC_CODE" NUMBER(19,0)
   ) SEGMENT CREATION DEFERRED 
  PCTFREE 10 PCTUSED 40 INITRANS 1 MAXTRANS 255 
 NOCOMPRESS LOGGING
  TABLESPACE "USERS" ;
--------------------------------------------------------
--  DDL for Table UZITCALL
--------------------------------------------------------

  CREATE TABLE "INVESTIGACION"."UZITCALL" 
   (	"UZITCALL_CODE" NUMBER(19,0), 
	"UZITCALL_END_DATE" DATE, 
	"UZITCALL_EXT_DATE" DATE, 
	"UZITCALL_START_DATE" DATE, 
	"UZITCALL_DESCRIPTION" VARCHAR2(255 CHAR), 
	"UZITCALL_EXTENSION" NUMBER(1,0), 
	"UZITCALL_FINAMOUNT" FLOAT(126), 
	"UZITCALL_NAME" VARCHAR2(255 CHAR), 
	"UZITCALL_STATE" NUMBER(1,0), 
	"UZITCALL_SUPP" VARCHAR2(255 CHAR), 
	"UZITCALLAR_CODE" NUMBER(19,0)
   ) SEGMENT CREATION IMMEDIATE 
  PCTFREE 10 PCTUSED 40 INITRANS 1 MAXTRANS 255 
 NOCOMPRESS LOGGING
  STORAGE(INITIAL 65536 NEXT 1048576 MINEXTENTS 1 MAXEXTENTS 2147483645
  PCTINCREASE 0 FREELISTS 1 FREELIST GROUPS 1
  BUFFER_POOL DEFAULT FLASH_CACHE DEFAULT CELL_FLASH_CACHE DEFAULT)
  TABLESPACE "USERS" ;
--------------------------------------------------------
--  DDL for Table UZITCALLAR
--------------------------------------------------------

  CREATE TABLE "INVESTIGACION"."UZITCALLAR" 
   (	"UZITCALLAR_CODE" NUMBER(19,0), 
	"UZITCALLAR_NAME" VARCHAR2(255 CHAR), 
	"UZITCALLAR_STATE" NUMBER(1,0)
   ) SEGMENT CREATION IMMEDIATE 
  PCTFREE 10 PCTUSED 40 INITRANS 1 MAXTRANS 255 
 NOCOMPRESS LOGGING
  STORAGE(INITIAL 65536 NEXT 1048576 MINEXTENTS 1 MAXEXTENTS 2147483645
  PCTINCREASE 0 FREELISTS 1 FREELIST GROUPS 1
  BUFFER_POOL DEFAULT FLASH_CACHE DEFAULT CELL_FLASH_CACHE DEFAULT)
  TABLESPACE "USERS" ;
--------------------------------------------------------
--  DDL for Table UZITCALLAREA
--------------------------------------------------------

  CREATE TABLE "INVESTIGACION"."UZITCALLAREA" 
   (	"UZITCALL_CODE" NUMBER(19,0), 
	"UZITAREA_CODE" NUMBER(19,0)
   ) SEGMENT CREATION IMMEDIATE 
  PCTFREE 10 PCTUSED 40 INITRANS 1 MAXTRANS 255 
 NOCOMPRESS LOGGING
  STORAGE(INITIAL 65536 NEXT 1048576 MINEXTENTS 1 MAXEXTENTS 2147483645
  PCTINCREASE 0 FREELISTS 1 FREELIST GROUPS 1
  BUFFER_POOL DEFAULT FLASH_CACHE DEFAULT CELL_FLASH_CACHE DEFAULT)
  TABLESPACE "USERS" ;
--------------------------------------------------------
--  DDL for Table UZITCALLREQ
--------------------------------------------------------

  CREATE TABLE "INVESTIGACION"."UZITCALLREQ" 
   (	"UZITCALLREQ_CODE" NUMBER(19,0), 
	"UZITCALLREQ_REQ" NUMBER(1,0), 
	"UZITCALLREQ_STATE" NUMBER(1,0), 
	"UZITCALL_CODE" NUMBER(19,0), 
	"UZITREQ_CODE" NUMBER(19,0)
   ) SEGMENT CREATION IMMEDIATE 
  PCTFREE 10 PCTUSED 40 INITRANS 1 MAXTRANS 255 
 NOCOMPRESS LOGGING
  STORAGE(INITIAL 65536 NEXT 1048576 MINEXTENTS 1 MAXEXTENTS 2147483645
  PCTINCREASE 0 FREELISTS 1 FREELIST GROUPS 1
  BUFFER_POOL DEFAULT FLASH_CACHE DEFAULT CELL_FLASH_CACHE DEFAULT)
  TABLESPACE "USERS" ;
--------------------------------------------------------
--  DDL for Table UZITCOLCAR
--------------------------------------------------------

  CREATE TABLE "INVESTIGACION"."UZITCOLCAR" 
   (	"UZITCOLCAR_CODE" NUMBER(19,0), 
	"UZITCOLCAR_NAME" VARCHAR2(255 CHAR), 
	"UZITCOLCAR_STATE" NUMBER(1,0), 
	"UZITCOLDEP_CODE" NUMBER(19,0)
   ) SEGMENT CREATION IMMEDIATE 
  PCTFREE 10 PCTUSED 40 INITRANS 1 MAXTRANS 255 
 NOCOMPRESS LOGGING
  STORAGE(INITIAL 65536 NEXT 1048576 MINEXTENTS 1 MAXEXTENTS 2147483645
  PCTINCREASE 0 FREELISTS 1 FREELIST GROUPS 1
  BUFFER_POOL DEFAULT FLASH_CACHE DEFAULT CELL_FLASH_CACHE DEFAULT)
  TABLESPACE "USERS" ;
--------------------------------------------------------
--  DDL for Table UZITCOLDEP
--------------------------------------------------------

  CREATE TABLE "INVESTIGACION"."UZITCOLDEP" 
   (	"UZITCOLDEP_CODE" NUMBER(19,0), 
	"UZITCOLDEP_NAME" VARCHAR2(255 CHAR), 
	"UZITCOLDEP_STATE" NUMBER(1,0)
   ) SEGMENT CREATION IMMEDIATE 
  PCTFREE 10 PCTUSED 40 INITRANS 1 MAXTRANS 255 
 NOCOMPRESS LOGGING
  STORAGE(INITIAL 65536 NEXT 1048576 MINEXTENTS 1 MAXEXTENTS 2147483645
  PCTINCREASE 0 FREELISTS 1 FREELIST GROUPS 1
  BUFFER_POOL DEFAULT FLASH_CACHE DEFAULT CELL_FLASH_CACHE DEFAULT)
  TABLESPACE "USERS" ;
--------------------------------------------------------
--  DDL for Table UZITCOVER
--------------------------------------------------------

  CREATE TABLE "INVESTIGACION"."UZITCOVER" 
   (	"UZITCOVER_CODE" NUMBER(19,0), 
	"UZITCOVER_NAME" VARCHAR2(255 CHAR), 
	"UZITCOVER_STATE" NUMBER(1,0), 
	"UZITCOVERTYP_CODE" NUMBER(19,0), 
	"UZITPROJEC_CODE" NUMBER(19,0)
   ) SEGMENT CREATION DEFERRED 
  PCTFREE 10 PCTUSED 40 INITRANS 1 MAXTRANS 255 
 NOCOMPRESS LOGGING
  TABLESPACE "USERS" ;
--------------------------------------------------------
--  DDL for Table UZITCOVERTYP
--------------------------------------------------------

  CREATE TABLE "INVESTIGACION"."UZITCOVERTYP" 
   (	"UZITCOVERTYP_CODE" NUMBER(19,0), 
	"UZITCOVERTYP_NAME" VARCHAR2(255 CHAR), 
	"UZITCOVERTYP_STATE" NUMBER(1,0)
   ) SEGMENT CREATION IMMEDIATE 
  PCTFREE 10 PCTUSED 40 INITRANS 1 MAXTRANS 255 
 NOCOMPRESS LOGGING
  STORAGE(INITIAL 65536 NEXT 1048576 MINEXTENTS 1 MAXEXTENTS 2147483645
  PCTINCREASE 0 FREELISTS 1 FREELIST GROUPS 1
  BUFFER_POOL DEFAULT FLASH_CACHE DEFAULT CELL_FLASH_CACHE DEFAULT)
  TABLESPACE "USERS" ;
--------------------------------------------------------
--  DDL for Table UZITDETAAKNO
--------------------------------------------------------

  CREATE TABLE "INVESTIGACION"."UZITDETAAKNO" 
   (	"UZITDETAAKNO_CODE" NUMBER(19,0), 
	"UZITDETAAKNO_NAME" VARCHAR2(255 CHAR), 
	"UZITDETAAKNO_STATE" NUMBER(1,0)
   ) SEGMENT CREATION IMMEDIATE 
  PCTFREE 10 PCTUSED 40 INITRANS 1 MAXTRANS 255 
 NOCOMPRESS LOGGING
  STORAGE(INITIAL 65536 NEXT 1048576 MINEXTENTS 1 MAXEXTENTS 2147483645
  PCTINCREASE 0 FREELISTS 1 FREELIST GROUPS 1
  BUFFER_POOL DEFAULT FLASH_CACHE DEFAULT CELL_FLASH_CACHE DEFAULT)
  TABLESPACE "USERS" ;
--------------------------------------------------------
--  DDL for Table UZITECPARGO
--------------------------------------------------------

  CREATE TABLE "INVESTIGACION"."UZITECPARGO" 
   (	"UZITECPARGO_CODE" NUMBER(19,0), 
	"UZITECPARGO_NAME" VARCHAR2(255 CHAR), 
	"UZITECPARGO_STATE" NUMBER(1,0)
   ) SEGMENT CREATION IMMEDIATE 
  PCTFREE 10 PCTUSED 40 INITRANS 1 MAXTRANS 255 
 NOCOMPRESS LOGGING
  STORAGE(INITIAL 65536 NEXT 1048576 MINEXTENTS 1 MAXEXTENTS 2147483645
  PCTINCREASE 0 FREELISTS 1 FREELIST GROUPS 1
  BUFFER_POOL DEFAULT FLASH_CACHE DEFAULT CELL_FLASH_CACHE DEFAULT)
  TABLESPACE "USERS" ;
--------------------------------------------------------
--  DDL for Table UZITESPEAKNO
--------------------------------------------------------

  CREATE TABLE "INVESTIGACION"."UZITESPEAKNO" 
   (	"UZITESPEAKNO_CODE" NUMBER(19,0), 
	"UZITESPEAKNO_NAME" VARCHAR2(255 CHAR), 
	"UZITESPEAKNO_STATE" NUMBER(1,0)
   ) SEGMENT CREATION IMMEDIATE 
  PCTFREE 10 PCTUSED 40 INITRANS 1 MAXTRANS 255 
 NOCOMPRESS LOGGING
  STORAGE(INITIAL 65536 NEXT 1048576 MINEXTENTS 1 MAXEXTENTS 2147483645
  PCTINCREASE 0 FREELISTS 1 FREELIST GROUPS 1
  BUFFER_POOL DEFAULT FLASH_CACHE DEFAULT CELL_FLASH_CACHE DEFAULT)
  TABLESPACE "USERS" ;
--------------------------------------------------------
--  DDL for Table UZITGOALACTI
--------------------------------------------------------

  CREATE TABLE "INVESTIGACION"."UZITGOALACTI" 
   (	"UZITGOALACTI_CODE" NUMBER(19,0), 
	"UZITGOALACTI_CRTBUD" FLOAT(126), 
	"UZITGOALACTI_DELI" VARCHAR2(255 CHAR), 
	"UZITGOALACTI_END_DATE" DATE, 
	"UZITGOALACTI_INVBUD" FLOAT(126), 
	"UZITGOALACTI_NAME" VARCHAR2(255 CHAR), 
	"UZITGOALACTI_START_DATE" DATE, 
	"UZITGOALACTI_STATE" NUMBER(1,0), 
	"UZITPROJGOAL_CODE" NUMBER(19,0)
   ) SEGMENT CREATION DEFERRED 
  PCTFREE 10 PCTUSED 40 INITRANS 1 MAXTRANS 255 
 NOCOMPRESS LOGGING
  TABLESPACE "USERS" ;
--------------------------------------------------------
--  DDL for Table UZITGOALPL
--------------------------------------------------------

  CREATE TABLE "INVESTIGACION"."UZITGOALPL" 
   (	"UZITGOALPL_CODE" NUMBER(19,0), 
	"UZITGOALPL_NAME" CLOB, 
	"UZITGOALPL_STATE" NUMBER(1,0), 
	"UZITPROJEC_CODE" NUMBER(19,0)
   ) SEGMENT CREATION IMMEDIATE 
  PCTFREE 10 PCTUSED 40 INITRANS 1 MAXTRANS 255 
 NOCOMPRESS LOGGING
  STORAGE(INITIAL 65536 NEXT 1048576 MINEXTENTS 1 MAXEXTENTS 2147483645
  PCTINCREASE 0 FREELISTS 1 FREELIST GROUPS 1
  BUFFER_POOL DEFAULT FLASH_CACHE DEFAULT CELL_FLASH_CACHE DEFAULT)
  TABLESPACE "USERS" 
 LOB ("UZITGOALPL_NAME") STORE AS SECUREFILE (
  TABLESPACE "USERS" ENABLE STORAGE IN ROW CHUNK 8192
  NOCACHE LOGGING  NOCOMPRESS  KEEP_DUPLICATES 
  STORAGE(INITIAL 106496 NEXT 1048576 MINEXTENTS 1 MAXEXTENTS 2147483645
  PCTINCREASE 0
  BUFFER_POOL DEFAULT FLASH_CACHE DEFAULT CELL_FLASH_CACHE DEFAULT)) ;
--------------------------------------------------------
--  DDL for Table UZITINSTINV
--------------------------------------------------------

  CREATE TABLE "INVESTIGACION"."UZITINSTINV" 
   (	"UZITINSTINV_CODE" NUMBER(19,0), 
	"UZITINSTINV_ADDRESS" VARCHAR2(255 CHAR), 
	"UZITINSTINV_EXE" VARCHAR2(255 CHAR), 
	"UZITINSTINV_FAX" VARCHAR2(255 CHAR), 
	"UZITINSTINV_LEGALREP" VARCHAR2(255 CHAR), 
	"UZITINSTINV_LEGALREPID" VARCHAR2(255 CHAR), 
	"UZITINSTINV_MAIL" VARCHAR2(255 CHAR), 
	"UZITINSTINV_NAME" VARCHAR2(255 CHAR), 
	"UZITINSTINV_PHONE" VARCHAR2(20 CHAR), 
	"UZITEXECAGEN_STATE" NUMBER(1,0), 
	"UZITINSTINV_URL" VARCHAR2(255 CHAR)
   ) SEGMENT CREATION IMMEDIATE 
  PCTFREE 10 PCTUSED 40 INITRANS 1 MAXTRANS 255 
 NOCOMPRESS LOGGING
  STORAGE(INITIAL 65536 NEXT 1048576 MINEXTENTS 1 MAXEXTENTS 2147483645
  PCTINCREASE 0 FREELISTS 1 FREELIST GROUPS 1
  BUFFER_POOL DEFAULT FLASH_CACHE DEFAULT CELL_FLASH_CACHE DEFAULT)
  TABLESPACE "USERS" ;
--------------------------------------------------------
--  DDL for Table UZITLINRES
--------------------------------------------------------

  CREATE TABLE "INVESTIGACION"."UZITLINRES" 
   (	"UZITLINRES_CODE" NUMBER(19,0), 
	"UZITLINRES_NAME" VARCHAR2(255 CHAR), 
	"UZITLINRES_STATE" NUMBER(1,0)
   ) SEGMENT CREATION IMMEDIATE 
  PCTFREE 10 PCTUSED 40 INITRANS 1 MAXTRANS 255 
 NOCOMPRESS LOGGING
  STORAGE(INITIAL 65536 NEXT 1048576 MINEXTENTS 1 MAXEXTENTS 2147483645
  PCTINCREASE 0 FREELISTS 1 FREELIST GROUPS 1
  BUFFER_POOL DEFAULT FLASH_CACHE DEFAULT CELL_FLASH_CACHE DEFAULT)
  TABLESPACE "USERS" ;
--------------------------------------------------------
--  DDL for Table UZITMENU
--------------------------------------------------------

  CREATE TABLE "INVESTIGACION"."UZITMENU" 
   (	"UZITMENU_CODE" NUMBER(19,0), 
	"UZITMENU_ICON" VARCHAR2(255 CHAR), 
	"UZITMENU_IDENTIFIER" VARCHAR2(255 CHAR), 
	"UZITMENU_NAME" VARCHAR2(255 CHAR)
   ) SEGMENT CREATION IMMEDIATE 
  PCTFREE 10 PCTUSED 40 INITRANS 1 MAXTRANS 255 
 NOCOMPRESS LOGGING
  STORAGE(INITIAL 65536 NEXT 1048576 MINEXTENTS 1 MAXEXTENTS 2147483645
  PCTINCREASE 0 FREELISTS 1 FREELIST GROUPS 1
  BUFFER_POOL DEFAULT FLASH_CACHE DEFAULT CELL_FLASH_CACHE DEFAULT)
  TABLESPACE "USERS" ;
--------------------------------------------------------
--  DDL for Table UZITNEWS
--------------------------------------------------------

  CREATE TABLE "INVESTIGACION"."UZITNEWS" 
   (	"UZITNEWS_CODE" NUMBER(19,0), 
	"UZITNEWS_BODY" VARCHAR2(255 CHAR), 
	"UZITNEWS_END_DATE" DATE, 
	"UZITNEWS_IMAGE" VARCHAR2(255 CHAR), 
	"UZITNEWS_START_DATE" DATE, 
	"UZITNEWS_SUBTITLE" VARCHAR2(255 CHAR), 
	"UZITNEWS_TITLE" VARCHAR2(255 CHAR)
   ) SEGMENT CREATION IMMEDIATE 
  PCTFREE 10 PCTUSED 40 INITRANS 1 MAXTRANS 255 
 NOCOMPRESS LOGGING
  STORAGE(INITIAL 65536 NEXT 1048576 MINEXTENTS 1 MAXEXTENTS 2147483645
  PCTINCREASE 0 FREELISTS 1 FREELIST GROUPS 1
  BUFFER_POOL DEFAULT FLASH_CACHE DEFAULT CELL_FLASH_CACHE DEFAULT)
  TABLESPACE "USERS" ;
--------------------------------------------------------
--  DDL for Table UZITNOTIFI
--------------------------------------------------------

  CREATE TABLE "INVESTIGACION"."UZITNOTIFI" 
   (	"UZITNOTIFI_CODE" NUMBER(19,0), 
	"UZITNOTIFI_DATE" DATE, 
	"UZITNOTIFI_DESCRIP" CLOB, 
	"UZITNOTIFI_REC_STATE" NUMBER(1,0), 
	"UZITNOTIFI_TITLE" VARCHAR2(255 CHAR), 
	"UZITUSER_CODE" NUMBER(19,0)
   ) SEGMENT CREATION IMMEDIATE 
  PCTFREE 10 PCTUSED 40 INITRANS 1 MAXTRANS 255 
 NOCOMPRESS LOGGING
  STORAGE(INITIAL 65536 NEXT 1048576 MINEXTENTS 1 MAXEXTENTS 2147483645
  PCTINCREASE 0 FREELISTS 1 FREELIST GROUPS 1
  BUFFER_POOL DEFAULT FLASH_CACHE DEFAULT CELL_FLASH_CACHE DEFAULT)
  TABLESPACE "USERS" 
 LOB ("UZITNOTIFI_DESCRIP") STORE AS SECUREFILE (
  TABLESPACE "USERS" ENABLE STORAGE IN ROW CHUNK 8192
  NOCACHE LOGGING  NOCOMPRESS  KEEP_DUPLICATES 
  STORAGE(INITIAL 106496 NEXT 1048576 MINEXTENTS 1 MAXEXTENTS 2147483645
  PCTINCREASE 0
  BUFFER_POOL DEFAULT FLASH_CACHE DEFAULT CELL_FLASH_CACHE DEFAULT)) ;
--------------------------------------------------------
--  DDL for Table UZITPOLICYPL
--------------------------------------------------------

  CREATE TABLE "INVESTIGACION"."UZITPOLICYPL" 
   (	"UZITPOLICYPL_CODE" NUMBER(19,0), 
	"UZITPOLICYPL_NAME" CLOB, 
	"UZITPOLICYPL_STATE" NUMBER(1,0), 
	"UZITGOALPL_CODE" NUMBER(19,0), 
	"UZITPROJEC_CODE" NUMBER(19,0)
   ) SEGMENT CREATION IMMEDIATE 
  PCTFREE 10 PCTUSED 40 INITRANS 1 MAXTRANS 255 
 NOCOMPRESS LOGGING
  STORAGE(INITIAL 65536 NEXT 1048576 MINEXTENTS 1 MAXEXTENTS 2147483645
  PCTINCREASE 0 FREELISTS 1 FREELIST GROUPS 1
  BUFFER_POOL DEFAULT FLASH_CACHE DEFAULT CELL_FLASH_CACHE DEFAULT)
  TABLESPACE "USERS" 
 LOB ("UZITPOLICYPL_NAME") STORE AS SECUREFILE (
  TABLESPACE "USERS" ENABLE STORAGE IN ROW CHUNK 8192
  NOCACHE LOGGING  NOCOMPRESS  KEEP_DUPLICATES 
  STORAGE(INITIAL 106496 NEXT 1048576 MINEXTENTS 1 MAXEXTENTS 2147483645
  PCTINCREASE 0
  BUFFER_POOL DEFAULT FLASH_CACHE DEFAULT CELL_FLASH_CACHE DEFAULT)) ;
--------------------------------------------------------
--  DDL for Table UZITPOSPRO
--------------------------------------------------------

  CREATE TABLE "INVESTIGACION"."UZITPOSPRO" 
   (	"UZITPOSPRO_CODE" NUMBER(19,0), 
	"UZITPOSPRO_NAME" VARCHAR2(255 CHAR), 
	"UZITPOSPRO_STATE" NUMBER(1,0)
   ) SEGMENT CREATION IMMEDIATE 
  PCTFREE 10 PCTUSED 40 INITRANS 1 MAXTRANS 255 
 NOCOMPRESS LOGGING
  STORAGE(INITIAL 65536 NEXT 1048576 MINEXTENTS 1 MAXEXTENTS 2147483645
  PCTINCREASE 0 FREELISTS 1 FREELIST GROUPS 1
  BUFFER_POOL DEFAULT FLASH_CACHE DEFAULT CELL_FLASH_CACHE DEFAULT)
  TABLESPACE "USERS" ;
--------------------------------------------------------
--  DDL for Table UZITPROGRA
--------------------------------------------------------

  CREATE TABLE "INVESTIGACION"."UZITPROGRA" 
   (	"UZITPROGRA_CODE" NUMBER(19,0), 
	"UZITPROGRA_NAME" VARCHAR2(255 CHAR), 
	"UZITPROGRA_STATE" NUMBER(1,0)
   ) SEGMENT CREATION IMMEDIATE 
  PCTFREE 10 PCTUSED 40 INITRANS 1 MAXTRANS 255 
 NOCOMPRESS LOGGING
  STORAGE(INITIAL 65536 NEXT 1048576 MINEXTENTS 1 MAXEXTENTS 2147483645
  PCTINCREASE 0 FREELISTS 1 FREELIST GROUPS 1
  BUFFER_POOL DEFAULT FLASH_CACHE DEFAULT CELL_FLASH_CACHE DEFAULT)
  TABLESPACE "USERS" ;
--------------------------------------------------------
--  DDL for Table UZITPROJEC
--------------------------------------------------------

  CREATE TABLE "INVESTIGACION"."UZITPROJEC" 
   (	"UZITPROJEC_CODE" NUMBER(19,0), 
	"UZITPROJEC_CRE_DATE" DATE, 
	"UZITPROJEC_CRFACSUCC" CLOB, 
	"UZITPROJEC_CURRSIT" CLOB, 
	"UZITPROJEC_DIFFUSION" CLOB, 
	"UZITPROJEC_DURATIONM" NUMBER(10,0), 
	"UZITPROJEC_ENDING_DATE" DATE, 
	"UZITPROJEC_ENVIIMPANALY" CLOB, 
	"UZITPROJEC_ESPECURRB" FLOAT(126), 
	"UZITPROJEC_ESPEINVRB" FLOAT(126), 
	"UZITPROJEC_IMPECORES" CLOB, 
	"UZITPROJEC_IMPOTHRES" CLOB, 
	"UZITPROJEC_IMPPOLRES" CLOB, 
	"UZITPROJEC_IMPSCIRES" CLOB, 
	"UZITPROJEC_IMPSOCRES" CLOB, 
	"UZITPROJEC_INTELLEPRO" CLOB, 
	"UZITPROJEC_NAME_ENGLISH" VARCHAR2(255 CHAR), 
	"UZITPROJEC_NAME_SPANISH" VARCHAR2(255 CHAR), 
	"UZITPROJEC_NUMPAROTHER" NUMBER(10,0), 
	"UZITPROJEC_NUMPARPROFEMA" NUMBER(10,0), 
	"UZITPROJEC_NUMPARPROMALE" NUMBER(10,0), 
	"UZITPROJEC_NUMPARSTUFEMA" NUMBER(10,0), 
	"UZITPROJEC_NUMPARSTUMALE" NUMBER(10,0), 
	"UZITPROJEC_NUMPOPDISPERS" NUMBER(10,0), 
	"UZITPROJEC_NUMPOPFEMA" NUMBER(10,0), 
	"UZITPROJEC_NUMPOPINDE" NUMBER(10,0), 
	"UZITPROJEC_NUMPOPMALE" NUMBER(10,0), 
	"UZITPROJEC_PROBLDIAG" CLOB, 
	"UZITPROJEC_PROJBASE" CLOB, 
	"UZITPROJEC_FILEPROFILE" VARCHAR2(255 CHAR), 
	"UZITPROJEC_PROTOTY" CLOB, 
	"UZITPROJEC_REAPROJEXE" CLOB, 
	"UZITPROJEC_RESEMETHO" CLOB, 
	"UZITPROJEC_RESTASSUMP" CLOB, 
	"UZITPROJEC_SCIENTARTI" CLOB, 
	"UZITPROJEC_SOCSUSTA" CLOB, 
	"UZITPROJEC_SPECAREKNOW" VARCHAR2(255 CHAR), 
	"UZITPROJEC_SPINOFF" CLOB, 
	"UZITPROJEC_SPONCURRB" FLOAT(126), 
	"UZITPROJEC_SPONINVRB" FLOAT(126), 
	"UZITPROJEC_START_DATE" DATE, 
	"UZITPROJEC_STATE" NUMBER(1,0), 
	"UZITPROJEC_TECHVIAB" CLOB, 
	"UZITPROJEC_TECHEQUIP" CLOB, 
	"UZITPROJEC_TECHNTRANS" CLOB, 
	"UZITAMPLAKNO_CODE" NUMBER(19,0), 
	"UZITCALL_CODE" NUMBER(19,0), 
	"UZITCOLCAR_CODE" NUMBER(19,0), 
	"UZITCOLDEP_CODE" NUMBER(19,0), 
	"UZITDETAAKNO_CODE" NUMBER(19,0), 
	"UZITECPARGO_CODE" NUMBER(19,0), 
	"UZITESPEAKNO_CODE" NUMBER(19,0), 
	"UZITLINRES_CODE" NUMBER(19,0), 
	"UZITPOSPRO_CODE" NUMBER(19,0), 
	"UZITPROGRA_CODE" NUMBER(19,0), 
	"UZITPROSTA_CODE" NUMBER(19,0), 
	"UZITRESGRO_CODE" NUMBER(19,0), 
	"UZITRESTYP_CODE" NUMBER(19,0), 
	"UZITSCIDIS_CODE" NUMBER(19,0), 
	"UZITSUNEAKNO_CODE" NUMBER(19,0), 
	"UZITUSER_CODE" NUMBER(19,0)
   ) SEGMENT CREATION DEFERRED 
  PCTFREE 10 PCTUSED 40 INITRANS 1 MAXTRANS 255 
 NOCOMPRESS LOGGING
  TABLESPACE "USERS" 
 LOB ("UZITPROJEC_CRFACSUCC") STORE AS SECUREFILE (
  TABLESPACE "USERS" ENABLE STORAGE IN ROW CHUNK 8192
  NOCACHE LOGGING  NOCOMPRESS  KEEP_DUPLICATES ) 
 LOB ("UZITPROJEC_CURRSIT") STORE AS SECUREFILE (
  TABLESPACE "USERS" ENABLE STORAGE IN ROW CHUNK 8192
  NOCACHE LOGGING  NOCOMPRESS  KEEP_DUPLICATES ) 
 LOB ("UZITPROJEC_DIFFUSION") STORE AS SECUREFILE (
  TABLESPACE "USERS" ENABLE STORAGE IN ROW CHUNK 8192
  NOCACHE LOGGING  NOCOMPRESS  KEEP_DUPLICATES ) 
 LOB ("UZITPROJEC_ENVIIMPANALY") STORE AS SECUREFILE (
  TABLESPACE "USERS" ENABLE STORAGE IN ROW CHUNK 8192
  NOCACHE LOGGING  NOCOMPRESS  KEEP_DUPLICATES ) 
 LOB ("UZITPROJEC_IMPECORES") STORE AS SECUREFILE (
  TABLESPACE "USERS" ENABLE STORAGE IN ROW CHUNK 8192
  NOCACHE LOGGING  NOCOMPRESS  KEEP_DUPLICATES ) 
 LOB ("UZITPROJEC_IMPOTHRES") STORE AS SECUREFILE (
  TABLESPACE "USERS" ENABLE STORAGE IN ROW CHUNK 8192
  NOCACHE LOGGING  NOCOMPRESS  KEEP_DUPLICATES ) 
 LOB ("UZITPROJEC_IMPPOLRES") STORE AS SECUREFILE (
  TABLESPACE "USERS" ENABLE STORAGE IN ROW CHUNK 8192
  NOCACHE LOGGING  NOCOMPRESS  KEEP_DUPLICATES ) 
 LOB ("UZITPROJEC_IMPSCIRES") STORE AS SECUREFILE (
  TABLESPACE "USERS" ENABLE STORAGE IN ROW CHUNK 8192
  NOCACHE LOGGING  NOCOMPRESS  KEEP_DUPLICATES ) 
 LOB ("UZITPROJEC_IMPSOCRES") STORE AS SECUREFILE (
  TABLESPACE "USERS" ENABLE STORAGE IN ROW CHUNK 8192
  NOCACHE LOGGING  NOCOMPRESS  KEEP_DUPLICATES ) 
 LOB ("UZITPROJEC_INTELLEPRO") STORE AS SECUREFILE (
  TABLESPACE "USERS" ENABLE STORAGE IN ROW CHUNK 8192
  NOCACHE LOGGING  NOCOMPRESS  KEEP_DUPLICATES ) 
 LOB ("UZITPROJEC_PROBLDIAG") STORE AS SECUREFILE (
  TABLESPACE "USERS" ENABLE STORAGE IN ROW CHUNK 8192
  NOCACHE LOGGING  NOCOMPRESS  KEEP_DUPLICATES ) 
 LOB ("UZITPROJEC_PROJBASE") STORE AS SECUREFILE (
  TABLESPACE "USERS" ENABLE STORAGE IN ROW CHUNK 8192
  NOCACHE LOGGING  NOCOMPRESS  KEEP_DUPLICATES ) 
 LOB ("UZITPROJEC_PROTOTY") STORE AS SECUREFILE (
  TABLESPACE "USERS" ENABLE STORAGE IN ROW CHUNK 8192
  NOCACHE LOGGING  NOCOMPRESS  KEEP_DUPLICATES ) 
 LOB ("UZITPROJEC_REAPROJEXE") STORE AS SECUREFILE (
  TABLESPACE "USERS" ENABLE STORAGE IN ROW CHUNK 8192
  NOCACHE LOGGING  NOCOMPRESS  KEEP_DUPLICATES ) 
 LOB ("UZITPROJEC_RESEMETHO") STORE AS SECUREFILE (
  TABLESPACE "USERS" ENABLE STORAGE IN ROW CHUNK 8192
  NOCACHE LOGGING  NOCOMPRESS  KEEP_DUPLICATES ) 
 LOB ("UZITPROJEC_RESTASSUMP") STORE AS SECUREFILE (
  TABLESPACE "USERS" ENABLE STORAGE IN ROW CHUNK 8192
  NOCACHE LOGGING  NOCOMPRESS  KEEP_DUPLICATES ) 
 LOB ("UZITPROJEC_SCIENTARTI") STORE AS SECUREFILE (
  TABLESPACE "USERS" ENABLE STORAGE IN ROW CHUNK 8192
  NOCACHE LOGGING  NOCOMPRESS  KEEP_DUPLICATES ) 
 LOB ("UZITPROJEC_SOCSUSTA") STORE AS SECUREFILE (
  TABLESPACE "USERS" ENABLE STORAGE IN ROW CHUNK 8192
  NOCACHE LOGGING  NOCOMPRESS  KEEP_DUPLICATES ) 
 LOB ("UZITPROJEC_SPINOFF") STORE AS SECUREFILE (
  TABLESPACE "USERS" ENABLE STORAGE IN ROW CHUNK 8192
  NOCACHE LOGGING  NOCOMPRESS  KEEP_DUPLICATES ) 
 LOB ("UZITPROJEC_TECHVIAB") STORE AS SECUREFILE (
  TABLESPACE "USERS" ENABLE STORAGE IN ROW CHUNK 8192
  NOCACHE LOGGING  NOCOMPRESS  KEEP_DUPLICATES ) 
 LOB ("UZITPROJEC_TECHEQUIP") STORE AS SECUREFILE (
  TABLESPACE "USERS" ENABLE STORAGE IN ROW CHUNK 8192
  NOCACHE LOGGING  NOCOMPRESS  KEEP_DUPLICATES ) 
 LOB ("UZITPROJEC_TECHNTRANS") STORE AS SECUREFILE (
  TABLESPACE "USERS" ENABLE STORAGE IN ROW CHUNK 8192
  NOCACHE LOGGING  NOCOMPRESS  KEEP_DUPLICATES ) ;
--------------------------------------------------------
--  DDL for Table UZITPROJGOAL
--------------------------------------------------------

  CREATE TABLE "INVESTIGACION"."UZITPROJGOAL" 
   (	"UZITPROJGOAL_CODE" NUMBER(19,0), 
	"UZITPROJGOAL_ASSUMP" VARCHAR2(255 CHAR), 
	"UZITPROJGOAL_DELI" VARCHAR2(255 CHAR), 
	"UZITPROJGOAL_GEN" NUMBER(1,0), 
	"UZITPROJGOAL_INDICATOR" VARCHAR2(255 CHAR), 
	"UZITPROJGOAL_NAME" VARCHAR2(255 CHAR), 
	"UZITPROJGOAL_STATE" NUMBER(1,0), 
	"UZITPROJEC_CODE" NUMBER(19,0)
   ) SEGMENT CREATION DEFERRED 
  PCTFREE 10 PCTUSED 40 INITRANS 1 MAXTRANS 255 
 NOCOMPRESS LOGGING
  TABLESPACE "USERS" ;
--------------------------------------------------------
--  DDL for Table UZITPROJINST
--------------------------------------------------------

  CREATE TABLE "INVESTIGACION"."UZITPROJINST" 
   (	"UZITPROJEC_CODE" NUMBER(19,0), 
	"UZITINSTINV_CODE" NUMBER(19,0)
   ) SEGMENT CREATION DEFERRED 
  PCTFREE 10 PCTUSED 40 INITRANS 1 MAXTRANS 255 
 NOCOMPRESS LOGGING
  TABLESPACE "USERS" ;
--------------------------------------------------------
--  DDL for Table UZITPROJPOLI
--------------------------------------------------------

  CREATE TABLE "INVESTIGACION"."UZITPROJPOLI" 
   (	"UZITPROJEC_CODE" NUMBER(19,0), 
	"UZITPOLICYPL_CODE" NUMBER(19,0)
   ) SEGMENT CREATION DEFERRED 
  PCTFREE 10 PCTUSED 40 INITRANS 1 MAXTRANS 255 
 NOCOMPRESS LOGGING
  TABLESPACE "USERS" ;
--------------------------------------------------------
--  DDL for Table UZITPROJREQ
--------------------------------------------------------

  CREATE TABLE "INVESTIGACION"."UZITPROJREQ" 
   (	"UZITPROJREQ_CODE" NUMBER(19,0), 
	"UZITPROJREQ_DOC" VARCHAR2(255 CHAR), 
	"UZITRES_STATE" NUMBER(1,0), 
	"UZITPROJEC_CODE" NUMBER(19,0), 
	"UZITREQ_CODE" NUMBER(19,0)
   ) SEGMENT CREATION DEFERRED 
  PCTFREE 10 PCTUSED 40 INITRANS 1 MAXTRANS 255 
 NOCOMPRESS LOGGING
  TABLESPACE "USERS" ;
--------------------------------------------------------
--  DDL for Table UZITPROMEM
--------------------------------------------------------

  CREATE TABLE "INVESTIGACION"."UZITPROMEM" 
   (	"UZITPROMEM_CODE" NUMBER(19,0), 
	"UZITPROMEM_NAME" VARCHAR2(255 CHAR), 
	"UZITPROMEM_STATE" NUMBER(1,0)
   ) SEGMENT CREATION IMMEDIATE 
  PCTFREE 10 PCTUSED 40 INITRANS 1 MAXTRANS 255 
 NOCOMPRESS LOGGING
  STORAGE(INITIAL 65536 NEXT 1048576 MINEXTENTS 1 MAXEXTENTS 2147483645
  PCTINCREASE 0 FREELISTS 1 FREELIST GROUPS 1
  BUFFER_POOL DEFAULT FLASH_CACHE DEFAULT CELL_FLASH_CACHE DEFAULT)
  TABLESPACE "USERS" ;
--------------------------------------------------------
--  DDL for Table UZITPRORES
--------------------------------------------------------

  CREATE TABLE "INVESTIGACION"."UZITPRORES" 
   (	"UZITPRORES_CODE" NUMBER(19,0), 
	"UZITPRORES_EMAIL" VARCHAR2(255 CHAR), 
	"UZITPRORES_EXTERNAL_INST" VARCHAR2(255 CHAR), 
	"UZITPRORES_EXTERNAL" NUMBER(1,0), 
	"UZITPRORES_LASTNAME" VARCHAR2(255 CHAR), 
	"UZITPRORES_NAME" VARCHAR2(255 CHAR), 
	"UZITPRORES_NUMBERID" VARCHAR2(255 CHAR), 
	"UZITPRORES_STATE" NUMBER(1,0), 
	"UZITPRORES_TELEPHONE" VARCHAR2(255 CHAR), 
	"UZITCOLDEP_CODE" NUMBER(19,0), 
	"UZITPROJEC_CODE" NUMBER(19,0), 
	"UZITPRORESTY_CODE" NUMBER(19,0)
   ) SEGMENT CREATION DEFERRED 
  PCTFREE 10 PCTUSED 40 INITRANS 1 MAXTRANS 255 
 NOCOMPRESS LOGGING
  TABLESPACE "USERS" ;
--------------------------------------------------------
--  DDL for Table UZITPRORESTY
--------------------------------------------------------

  CREATE TABLE "INVESTIGACION"."UZITPRORESTY" 
   (	"UZITPRORESTY_CODE" NUMBER(19,0), 
	"UZITPRORESTY_NAME" VARCHAR2(255 CHAR), 
	"UZITPRORESTY_STATE" NUMBER(1,0)
   ) SEGMENT CREATION IMMEDIATE 
  PCTFREE 10 PCTUSED 40 INITRANS 1 MAXTRANS 255 
 NOCOMPRESS LOGGING
  STORAGE(INITIAL 65536 NEXT 1048576 MINEXTENTS 1 MAXEXTENTS 2147483645
  PCTINCREASE 0 FREELISTS 1 FREELIST GROUPS 1
  BUFFER_POOL DEFAULT FLASH_CACHE DEFAULT CELL_FLASH_CACHE DEFAULT)
  TABLESPACE "USERS" ;
--------------------------------------------------------
--  DDL for Table UZITPROSTA
--------------------------------------------------------

  CREATE TABLE "INVESTIGACION"."UZITPROSTA" 
   (	"UZITPROSTA_CODE" NUMBER(19,0), 
	"UZITPROSTA_NAME" VARCHAR2(255 CHAR), 
	"UZITPROSTA_STATE" NUMBER(1,0)
   ) SEGMENT CREATION IMMEDIATE 
  PCTFREE 10 PCTUSED 40 INITRANS 1 MAXTRANS 255 
 NOCOMPRESS LOGGING
  STORAGE(INITIAL 65536 NEXT 1048576 MINEXTENTS 1 MAXEXTENTS 2147483645
  PCTINCREASE 0 FREELISTS 1 FREELIST GROUPS 1
  BUFFER_POOL DEFAULT FLASH_CACHE DEFAULT CELL_FLASH_CACHE DEFAULT)
  TABLESPACE "USERS" ;
--------------------------------------------------------
--  DDL for Table UZITPROSTSER
--------------------------------------------------------

  CREATE TABLE "INVESTIGACION"."UZITPROSTSER" 
   (	"UZITPROSTSER_CODE" NUMBER(19,0), 
	"UZITPROSTSER_NAME" VARCHAR2(255 CHAR), 
	"UZITPROSTSER_STATE" NUMBER(1,0)
   ) SEGMENT CREATION DEFERRED 
  PCTFREE 10 PCTUSED 40 INITRANS 1 MAXTRANS 255 
 NOCOMPRESS LOGGING
  TABLESPACE "USERS" ;
--------------------------------------------------------
--  DDL for Table UZITPROTY
--------------------------------------------------------

  CREATE TABLE "INVESTIGACION"."UZITPROTY" 
   (	"UZITPROTY_CODE" NUMBER(19,0), 
	"UZITPROTY_NAME" VARCHAR2(255 CHAR), 
	"UZITPROTY_STATE" NUMBER(1,0)
   ) SEGMENT CREATION IMMEDIATE 
  PCTFREE 10 PCTUSED 40 INITRANS 1 MAXTRANS 255 
 NOCOMPRESS LOGGING
  STORAGE(INITIAL 65536 NEXT 1048576 MINEXTENTS 1 MAXEXTENTS 2147483645
  PCTINCREASE 0 FREELISTS 1 FREELIST GROUPS 1
  BUFFER_POOL DEFAULT FLASH_CACHE DEFAULT CELL_FLASH_CACHE DEFAULT)
  TABLESPACE "USERS" ;
--------------------------------------------------------
--  DDL for Table UZITRECORD
--------------------------------------------------------

  CREATE TABLE "INVESTIGACION"."UZITRECORD" 
   (	"UZITRECORD_CODE" NUMBER(19,0), 
	"UZITRECORD_NAME" VARCHAR2(255 CHAR), 
	"UZITRECORD_PATH" VARCHAR2(255 CHAR), 
	"UZITRECORD_STATE" NUMBER(1,0), 
	"UZITUSER_CODE" NUMBER(19,0)
   ) SEGMENT CREATION DEFERRED 
  PCTFREE 10 PCTUSED 40 INITRANS 1 MAXTRANS 255 
 NOCOMPRESS LOGGING
  TABLESPACE "USERS" ;
--------------------------------------------------------
--  DDL for Table UZITREQ
--------------------------------------------------------

  CREATE TABLE "INVESTIGACION"."UZITREQ" 
   (	"UZITREQ_CODE" NUMBER(19,0), 
	"UZITREQ_NAME" VARCHAR2(255 CHAR), 
	"UZITREQ_STATE" NUMBER(1,0)
   ) SEGMENT CREATION IMMEDIATE 
  PCTFREE 10 PCTUSED 40 INITRANS 1 MAXTRANS 255 
 NOCOMPRESS LOGGING
  STORAGE(INITIAL 65536 NEXT 1048576 MINEXTENTS 1 MAXEXTENTS 2147483645
  PCTINCREASE 0 FREELISTS 1 FREELIST GROUPS 1
  BUFFER_POOL DEFAULT FLASH_CACHE DEFAULT CELL_FLASH_CACHE DEFAULT)
  TABLESPACE "USERS" ;
--------------------------------------------------------
--  DDL for Table UZITRES
--------------------------------------------------------

  CREATE TABLE "INVESTIGACION"."UZITRES" 
   (	"UZITRES_CODE" NUMBER(19,0), 
	"UZITRES_NAME" VARCHAR2(255 CHAR), 
	"UZITRES_STATE" NUMBER(1,0)
   ) SEGMENT CREATION IMMEDIATE 
  PCTFREE 10 PCTUSED 40 INITRANS 1 MAXTRANS 255 
 NOCOMPRESS LOGGING
  STORAGE(INITIAL 65536 NEXT 1048576 MINEXTENTS 1 MAXEXTENTS 2147483645
  PCTINCREASE 0 FREELISTS 1 FREELIST GROUPS 1
  BUFFER_POOL DEFAULT FLASH_CACHE DEFAULT CELL_FLASH_CACHE DEFAULT)
  TABLESPACE "USERS" ;
--------------------------------------------------------
--  DDL for Table UZITRESGRO
--------------------------------------------------------

  CREATE TABLE "INVESTIGACION"."UZITRESGRO" 
   (	"UZITRESGRO_CODE" NUMBER(19,0), 
	"UZITRESGRO_NAME" VARCHAR2(255 CHAR), 
	"UZITRESGRO_STATE" NUMBER(1,0)
   ) SEGMENT CREATION IMMEDIATE 
  PCTFREE 10 PCTUSED 40 INITRANS 1 MAXTRANS 255 
 NOCOMPRESS LOGGING
  STORAGE(INITIAL 65536 NEXT 1048576 MINEXTENTS 1 MAXEXTENTS 2147483645
  PCTINCREASE 0 FREELISTS 1 FREELIST GROUPS 1
  BUFFER_POOL DEFAULT FLASH_CACHE DEFAULT CELL_FLASH_CACHE DEFAULT)
  TABLESPACE "USERS" ;
--------------------------------------------------------
--  DDL for Table UZITRESTYP
--------------------------------------------------------

  CREATE TABLE "INVESTIGACION"."UZITRESTYP" 
   (	"UZITRESTYP_CODE" NUMBER(19,0), 
	"UZITRESTYP_NAME" VARCHAR2(255 CHAR), 
	"UZITRESTYP_STATE" NUMBER(1,0)
   ) SEGMENT CREATION IMMEDIATE 
  PCTFREE 10 PCTUSED 40 INITRANS 1 MAXTRANS 255 
 NOCOMPRESS LOGGING
  STORAGE(INITIAL 65536 NEXT 1048576 MINEXTENTS 1 MAXEXTENTS 2147483645
  PCTINCREASE 0 FREELISTS 1 FREELIST GROUPS 1
  BUFFER_POOL DEFAULT FLASH_CACHE DEFAULT CELL_FLASH_CACHE DEFAULT)
  TABLESPACE "USERS" ;
--------------------------------------------------------
--  DDL for Table UZITROLE
--------------------------------------------------------

  CREATE TABLE "INVESTIGACION"."UZITROLE" 
   (	"UZITROLE_CODE" NUMBER(19,0), 
	"UZITROLE_NAME" VARCHAR2(255 CHAR), 
	"UZITROLE_ROLENAM" VARCHAR2(20 CHAR)
   ) SEGMENT CREATION IMMEDIATE 
  PCTFREE 10 PCTUSED 40 INITRANS 1 MAXTRANS 255 
 NOCOMPRESS LOGGING
  STORAGE(INITIAL 65536 NEXT 1048576 MINEXTENTS 1 MAXEXTENTS 2147483645
  PCTINCREASE 0 FREELISTS 1 FREELIST GROUPS 1
  BUFFER_POOL DEFAULT FLASH_CACHE DEFAULT CELL_FLASH_CACHE DEFAULT)
  TABLESPACE "USERS" ;
--------------------------------------------------------
--  DDL for Table UZITROLEROUTE
--------------------------------------------------------

  CREATE TABLE "INVESTIGACION"."UZITROLEROUTE" 
   (	"UZITROLE_CODE" NUMBER(19,0), 
	"UZITROUTE_CODE" NUMBER(19,0)
   ) SEGMENT CREATION IMMEDIATE 
  PCTFREE 10 PCTUSED 40 INITRANS 1 MAXTRANS 255 
 NOCOMPRESS LOGGING
  STORAGE(INITIAL 65536 NEXT 1048576 MINEXTENTS 1 MAXEXTENTS 2147483645
  PCTINCREASE 0 FREELISTS 1 FREELIST GROUPS 1
  BUFFER_POOL DEFAULT FLASH_CACHE DEFAULT CELL_FLASH_CACHE DEFAULT)
  TABLESPACE "USERS" ;
--------------------------------------------------------
--  DDL for Table UZITROUTE
--------------------------------------------------------

  CREATE TABLE "INVESTIGACION"."UZITROUTE" 
   (	"UZITROUTE_CODE" NUMBER(19,0), 
	"UZITROUTE_ICON" VARCHAR2(255 CHAR), 
	"UZITROUTE_NAME" VARCHAR2(255 CHAR), 
	"UZITROUTE_CLASS" VARCHAR2(255 CHAR), 
	"UZITROUTE_TITLE" VARCHAR2(255 CHAR), 
	"UZITMENU_CODE" NUMBER(19,0)
   ) SEGMENT CREATION IMMEDIATE 
  PCTFREE 10 PCTUSED 40 INITRANS 1 MAXTRANS 255 
 NOCOMPRESS LOGGING
  STORAGE(INITIAL 65536 NEXT 1048576 MINEXTENTS 1 MAXEXTENTS 2147483645
  PCTINCREASE 0 FREELISTS 1 FREELIST GROUPS 1
  BUFFER_POOL DEFAULT FLASH_CACHE DEFAULT CELL_FLASH_CACHE DEFAULT)
  TABLESPACE "USERS" ;
--------------------------------------------------------
--  DDL for Table UZITSCIDIS
--------------------------------------------------------

  CREATE TABLE "INVESTIGACION"."UZITSCIDIS" 
   (	"UZITSCIDIS_CODE" NUMBER(19,0), 
	"UZITSCIDIS_NAME" VARCHAR2(255 CHAR), 
	"UZITSCIDIS_STATE" NUMBER(1,0)
   ) SEGMENT CREATION IMMEDIATE 
  PCTFREE 10 PCTUSED 40 INITRANS 1 MAXTRANS 255 
 NOCOMPRESS LOGGING
  STORAGE(INITIAL 65536 NEXT 1048576 MINEXTENTS 1 MAXEXTENTS 2147483645
  PCTINCREASE 0 FREELISTS 1 FREELIST GROUPS 1
  BUFFER_POOL DEFAULT FLASH_CACHE DEFAULT CELL_FLASH_CACHE DEFAULT)
  TABLESPACE "USERS" ;
--------------------------------------------------------
--  DDL for Table UZITSUNEAKNO
--------------------------------------------------------

  CREATE TABLE "INVESTIGACION"."UZITSUNEAKNO" 
   (	"UZITSUNEAKNO_CODE" NUMBER(19,0), 
	"UZITSUNEAKNO_NAME" VARCHAR2(255 CHAR), 
	"UZITSUNEAKNO_STATE" NUMBER(1,0), 
	"UZITUNESAKNO_CODE" NUMBER(19,0)
   ) SEGMENT CREATION IMMEDIATE 
  PCTFREE 10 PCTUSED 40 INITRANS 1 MAXTRANS 255 
 NOCOMPRESS LOGGING
  STORAGE(INITIAL 65536 NEXT 1048576 MINEXTENTS 1 MAXEXTENTS 2147483645
  PCTINCREASE 0 FREELISTS 1 FREELIST GROUPS 1
  BUFFER_POOL DEFAULT FLASH_CACHE DEFAULT CELL_FLASH_CACHE DEFAULT)
  TABLESPACE "USERS" ;
--------------------------------------------------------
--  DDL for Table UZITUNESAKNO
--------------------------------------------------------

  CREATE TABLE "INVESTIGACION"."UZITUNESAKNO" 
   (	"UZITUNESAKNO_CODE" NUMBER(19,0), 
	"UZITUNESAKNO_NAME" VARCHAR2(255 CHAR), 
	"UZITUNESAKNO_STATE" NUMBER(1,0)
   ) SEGMENT CREATION IMMEDIATE 
  PCTFREE 10 PCTUSED 40 INITRANS 1 MAXTRANS 255 
 NOCOMPRESS LOGGING
  STORAGE(INITIAL 65536 NEXT 1048576 MINEXTENTS 1 MAXEXTENTS 2147483645
  PCTINCREASE 0 FREELISTS 1 FREELIST GROUPS 1
  BUFFER_POOL DEFAULT FLASH_CACHE DEFAULT CELL_FLASH_CACHE DEFAULT)
  TABLESPACE "USERS" ;
--------------------------------------------------------
--  DDL for Table UZITUSER
--------------------------------------------------------

  CREATE TABLE "INVESTIGACION"."UZITUSER" 
   (	"UZITUSER_CODE" NUMBER(19,0), 
	"UZITUSER_APPRO_PROJ" NUMBER(19,0), 
	"UZITUSER_BIRTH_DATE" DATE, 
	"UZITUSER_CREA_DATE" DATE, 
	"UZITUSER_DISAPPRO_PROJ" NUMBER(19,0), 
	"UZITUSER_EMAIL" VARCHAR2(255 CHAR), 
	"UZITUSER_LASTNAME" VARCHAR2(255 CHAR), 
	"UZITUSER_LOGIN" NUMBER(1,0), 
	"UZITUSER_NAME" VARCHAR2(255 CHAR), 
	"UZITUSER_PASSWORD" VARCHAR2(60 CHAR), 
	"UZITUSER_PEND_PROJ" NUMBER(19,0), 
	"UZITUSER_STATE" NUMBER(1,0), 
	"UZITUSER_USERNAME" VARCHAR2(20 CHAR)
   ) SEGMENT CREATION IMMEDIATE 
  PCTFREE 10 PCTUSED 40 INITRANS 1 MAXTRANS 255 
 NOCOMPRESS LOGGING
  STORAGE(INITIAL 65536 NEXT 1048576 MINEXTENTS 1 MAXEXTENTS 2147483645
  PCTINCREASE 0 FREELISTS 1 FREELIST GROUPS 1
  BUFFER_POOL DEFAULT FLASH_CACHE DEFAULT CELL_FLASH_CACHE DEFAULT)
  TABLESPACE "USERS" ;
--------------------------------------------------------
--  DDL for Table UZITUSEROLE
--------------------------------------------------------

  CREATE TABLE "INVESTIGACION"."UZITUSEROLE" 
   (	"UZITUSER_CODE" NUMBER(19,0), 
	"UZITROLE_CODE" NUMBER(19,0)
   ) SEGMENT CREATION IMMEDIATE 
  PCTFREE 10 PCTUSED 40 INITRANS 1 MAXTRANS 255 
 NOCOMPRESS LOGGING
  STORAGE(INITIAL 65536 NEXT 1048576 MINEXTENTS 1 MAXEXTENTS 2147483645
  PCTINCREASE 0 FREELISTS 1 FREELIST GROUPS 1
  BUFFER_POOL DEFAULT FLASH_CACHE DEFAULT CELL_FLASH_CACHE DEFAULT)
  TABLESPACE "USERS" ;
REM INSERTING into INVESTIGACION.UZITACTIRES
SET DEFINE OFF;
REM INSERTING into INVESTIGACION.UZITAMPLAKNO
SET DEFINE OFF;
Insert into INVESTIGACION.UZITAMPLAKNO (UZITAMPLAKNO_CODE,UZITAMPLAKNO_NAME,UZITAMPLAKNO_STATE) values ('1','Administraci�n, Negocios y Legislaci�n','1');
Insert into INVESTIGACION.UZITAMPLAKNO (UZITAMPLAKNO_CODE,UZITAMPLAKNO_NAME,UZITAMPLAKNO_STATE) values ('2','Agricultura, Silvicultura, Pesca y Veterinaria','1');
Insert into INVESTIGACION.UZITAMPLAKNO (UZITAMPLAKNO_CODE,UZITAMPLAKNO_NAME,UZITAMPLAKNO_STATE) values ('3','Artes y Humanidades','1');
REM INSERTING into INVESTIGACION.UZITAREA
SET DEFINE OFF;
Insert into INVESTIGACION.UZITAREA (UZITAREA_CODE,UZITAREA_NAME,UZITAREA_STATE) values ('1','L�gica','1');
Insert into INVESTIGACION.UZITAREA (UZITAREA_CODE,UZITAREA_NAME,UZITAREA_STATE) values ('2','Matem�ticas','1');
Insert into INVESTIGACION.UZITAREA (UZITAREA_CODE,UZITAREA_NAME,UZITAREA_STATE) values ('3','Astronom�a y Astrof�sica','1');
Insert into INVESTIGACION.UZITAREA (UZITAREA_CODE,UZITAREA_NAME,UZITAREA_STATE) values ('4','F�sica','1');
Insert into INVESTIGACION.UZITAREA (UZITAREA_CODE,UZITAREA_NAME,UZITAREA_STATE) values ('5','Qu�mica','1');
Insert into INVESTIGACION.UZITAREA (UZITAREA_CODE,UZITAREA_NAME,UZITAREA_STATE) values ('6','Ciencias de la Vida','1');
Insert into INVESTIGACION.UZITAREA (UZITAREA_CODE,UZITAREA_NAME,UZITAREA_STATE) values ('7','Ciencias de la tierra y del espacio','1');
Insert into INVESTIGACION.UZITAREA (UZITAREA_CODE,UZITAREA_NAME,UZITAREA_STATE) values ('8','Ciencias agrarias','1');
Insert into INVESTIGACION.UZITAREA (UZITAREA_CODE,UZITAREA_NAME,UZITAREA_STATE) values ('9','Ciencias m�dicas','1');
Insert into INVESTIGACION.UZITAREA (UZITAREA_CODE,UZITAREA_NAME,UZITAREA_STATE) values ('10','Ciencias tecnol�gicas','1');
Insert into INVESTIGACION.UZITAREA (UZITAREA_CODE,UZITAREA_NAME,UZITAREA_STATE) values ('11','Antropolog�a','1');
Insert into INVESTIGACION.UZITAREA (UZITAREA_CODE,UZITAREA_NAME,UZITAREA_STATE) values ('12','Demograf�a','1');
Insert into INVESTIGACION.UZITAREA (UZITAREA_CODE,UZITAREA_NAME,UZITAREA_STATE) values ('13','Ciencias econ�micas','1');
Insert into INVESTIGACION.UZITAREA (UZITAREA_CODE,UZITAREA_NAME,UZITAREA_STATE) values ('14','Geograf�a','1');
Insert into INVESTIGACION.UZITAREA (UZITAREA_CODE,UZITAREA_NAME,UZITAREA_STATE) values ('15','Historia','1');
Insert into INVESTIGACION.UZITAREA (UZITAREA_CODE,UZITAREA_NAME,UZITAREA_STATE) values ('16','Ciencias jur�dicas y Derecho','1');
Insert into INVESTIGACION.UZITAREA (UZITAREA_CODE,UZITAREA_NAME,UZITAREA_STATE) values ('17','Ling��stica','1');
Insert into INVESTIGACION.UZITAREA (UZITAREA_CODE,UZITAREA_NAME,UZITAREA_STATE) values ('18','Pedagog�a','1');
Insert into INVESTIGACION.UZITAREA (UZITAREA_CODE,UZITAREA_NAME,UZITAREA_STATE) values ('19','Ciencia pol�tica','1');
Insert into INVESTIGACION.UZITAREA (UZITAREA_CODE,UZITAREA_NAME,UZITAREA_STATE) values ('20','Psicolog�a','1');
Insert into INVESTIGACION.UZITAREA (UZITAREA_CODE,UZITAREA_NAME,UZITAREA_STATE) values ('21','Ciencias de las artes y las letras','1');
Insert into INVESTIGACION.UZITAREA (UZITAREA_CODE,UZITAREA_NAME,UZITAREA_STATE) values ('22','Sociolog�a','1');
Insert into INVESTIGACION.UZITAREA (UZITAREA_CODE,UZITAREA_NAME,UZITAREA_STATE) values ('23','�tica','1');
Insert into INVESTIGACION.UZITAREA (UZITAREA_CODE,UZITAREA_NAME,UZITAREA_STATE) values ('24','Filosof�a','1');
REM INSERTING into INVESTIGACION.UZITBIBLIO
SET DEFINE OFF;
REM INSERTING into INVESTIGACION.UZITCALL
SET DEFINE OFF;
Insert into INVESTIGACION.UZITCALL (UZITCALL_CODE,UZITCALL_END_DATE,UZITCALL_EXT_DATE,UZITCALL_START_DATE,UZITCALL_DESCRIPTION,UZITCALL_EXTENSION,UZITCALL_FINAMOUNT,UZITCALL_NAME,UZITCALL_STATE,UZITCALL_SUPP,UZITCALLAR_CODE) values ('1',to_date('01/06/2020','DD/MM/RRRR'),null,to_date('01/04/2020','DD/MM/RRRR'),'Proyectos planteados por los estudiantes de la carrera de sistemas','0','200000','Proyecto de investigaci�n Sistemas','1','sin SUPP','1');
Insert into INVESTIGACION.UZITCALL (UZITCALL_CODE,UZITCALL_END_DATE,UZITCALL_EXT_DATE,UZITCALL_START_DATE,UZITCALL_DESCRIPTION,UZITCALL_EXTENSION,UZITCALL_FINAMOUNT,UZITCALL_NAME,UZITCALL_STATE,UZITCALL_SUPP,UZITCALLAR_CODE) values ('2',to_date('28/02/2021','DD/MM/RRRR'),to_date('28/04/2021','DD/MM/RRRR'),to_date('01/06/2020','DD/MM/RRRR'),'Proyectos enfocados para mejorar la emergencia sanitaria del 2019','1','250000','Proyecto Innovadores 2020','1','Se aplazo la fecha del calendario acad�mico','2');
REM INSERTING into INVESTIGACION.UZITCALLAR
SET DEFINE OFF;
Insert into INVESTIGACION.UZITCALLAR (UZITCALLAR_CODE,UZITCALLAR_NAME,UZITCALLAR_STATE) values ('1','�rea de Convocatoria 1','1');
Insert into INVESTIGACION.UZITCALLAR (UZITCALLAR_CODE,UZITCALLAR_NAME,UZITCALLAR_STATE) values ('2','�rea de Convocatoria 2','1');
REM INSERTING into INVESTIGACION.UZITCALLAREA
SET DEFINE OFF;
Insert into INVESTIGACION.UZITCALLAREA (UZITCALL_CODE,UZITAREA_CODE) values ('1','1');
Insert into INVESTIGACION.UZITCALLAREA (UZITCALL_CODE,UZITAREA_CODE) values ('1','2');
Insert into INVESTIGACION.UZITCALLAREA (UZITCALL_CODE,UZITAREA_CODE) values ('1','4');
Insert into INVESTIGACION.UZITCALLAREA (UZITCALL_CODE,UZITAREA_CODE) values ('2','5');
Insert into INVESTIGACION.UZITCALLAREA (UZITCALL_CODE,UZITAREA_CODE) values ('2','6');
Insert into INVESTIGACION.UZITCALLAREA (UZITCALL_CODE,UZITAREA_CODE) values ('2','9');
Insert into INVESTIGACION.UZITCALLAREA (UZITCALL_CODE,UZITAREA_CODE) values ('1','10');
Insert into INVESTIGACION.UZITCALLAREA (UZITCALL_CODE,UZITAREA_CODE) values ('2','11');
Insert into INVESTIGACION.UZITCALLAREA (UZITCALL_CODE,UZITAREA_CODE) values ('1','13');
Insert into INVESTIGACION.UZITCALLAREA (UZITCALL_CODE,UZITAREA_CODE) values ('1','18');
Insert into INVESTIGACION.UZITCALLAREA (UZITCALL_CODE,UZITAREA_CODE) values ('2','20');
Insert into INVESTIGACION.UZITCALLAREA (UZITCALL_CODE,UZITAREA_CODE) values ('2','22');
REM INSERTING into INVESTIGACION.UZITCALLREQ
SET DEFINE OFF;
Insert into INVESTIGACION.UZITCALLREQ (UZITCALLREQ_CODE,UZITCALLREQ_REQ,UZITCALLREQ_STATE,UZITCALL_CODE,UZITREQ_CODE) values ('1','0','1','1','1');
Insert into INVESTIGACION.UZITCALLREQ (UZITCALLREQ_CODE,UZITCALLREQ_REQ,UZITCALLREQ_STATE,UZITCALL_CODE,UZITREQ_CODE) values ('2','1','1','1','2');
Insert into INVESTIGACION.UZITCALLREQ (UZITCALLREQ_CODE,UZITCALLREQ_REQ,UZITCALLREQ_STATE,UZITCALL_CODE,UZITREQ_CODE) values ('3','1','1','1','3');
Insert into INVESTIGACION.UZITCALLREQ (UZITCALLREQ_CODE,UZITCALLREQ_REQ,UZITCALLREQ_STATE,UZITCALL_CODE,UZITREQ_CODE) values ('4','1','1','2','1');
Insert into INVESTIGACION.UZITCALLREQ (UZITCALLREQ_CODE,UZITCALLREQ_REQ,UZITCALLREQ_STATE,UZITCALL_CODE,UZITREQ_CODE) values ('5','1','1','2','3');
Insert into INVESTIGACION.UZITCALLREQ (UZITCALLREQ_CODE,UZITCALLREQ_REQ,UZITCALLREQ_STATE,UZITCALL_CODE,UZITREQ_CODE) values ('6','1','1','2','4');
Insert into INVESTIGACION.UZITCALLREQ (UZITCALLREQ_CODE,UZITCALLREQ_REQ,UZITCALLREQ_STATE,UZITCALL_CODE,UZITREQ_CODE) values ('7','0','1','2','5');
REM INSERTING into INVESTIGACION.UZITCOLCAR
SET DEFINE OFF;
Insert into INVESTIGACION.UZITCOLCAR (UZITCOLCAR_CODE,UZITCOLCAR_NAME,UZITCOLCAR_STATE,UZITCOLDEP_CODE) values ('1','Ingenier�a Electr�nica en Redes y Comunicaci�n de Datos','1','2');
Insert into INVESTIGACION.UZITCOLCAR (UZITCOLCAR_CODE,UZITCOLCAR_NAME,UZITCOLCAR_STATE,UZITCOLDEP_CODE) values ('2','Ingenier�a Civil','1','3');
Insert into INVESTIGACION.UZITCOLCAR (UZITCOLCAR_CODE,UZITCOLCAR_NAME,UZITCOLCAR_STATE,UZITCOLDEP_CODE) values ('3','Ingenier�a Mec�nica','1','4');
REM INSERTING into INVESTIGACION.UZITCOLDEP
SET DEFINE OFF;
Insert into INVESTIGACION.UZITCOLDEP (UZITCOLDEP_CODE,UZITCOLDEP_NAME,UZITCOLDEP_STATE) values ('1','Ciencias de la Computaci�n','1');
Insert into INVESTIGACION.UZITCOLDEP (UZITCOLDEP_CODE,UZITCOLDEP_NAME,UZITCOLDEP_STATE) values ('2','El�ctrica, Electr�nica y Telecomunicaciones','1');
Insert into INVESTIGACION.UZITCOLDEP (UZITCOLDEP_CODE,UZITCOLDEP_NAME,UZITCOLDEP_STATE) values ('3',' Ciencias de la Tierra y la Construcci�n','1');
Insert into INVESTIGACION.UZITCOLDEP (UZITCOLDEP_CODE,UZITCOLDEP_NAME,UZITCOLDEP_STATE) values ('4','Ciencias de la Energ�a y Mec�nica','1');
REM INSERTING into INVESTIGACION.UZITCOVER
SET DEFINE OFF;
REM INSERTING into INVESTIGACION.UZITCOVERTYP
SET DEFINE OFF;
Insert into INVESTIGACION.UZITCOVERTYP (UZITCOVERTYP_CODE,UZITCOVERTYP_NAME,UZITCOVERTYP_STATE) values ('1','Nacional','1');
Insert into INVESTIGACION.UZITCOVERTYP (UZITCOVERTYP_CODE,UZITCOVERTYP_NAME,UZITCOVERTYP_STATE) values ('2','Regional','1');
Insert into INVESTIGACION.UZITCOVERTYP (UZITCOVERTYP_CODE,UZITCOVERTYP_NAME,UZITCOVERTYP_STATE) values ('3','Provincial','1');
Insert into INVESTIGACION.UZITCOVERTYP (UZITCOVERTYP_CODE,UZITCOVERTYP_NAME,UZITCOVERTYP_STATE) values ('4','Cantonal','1');
REM INSERTING into INVESTIGACION.UZITDETAAKNO
SET DEFINE OFF;
Insert into INVESTIGACION.UZITDETAAKNO (UZITDETAAKNO_CODE,UZITDETAAKNO_NAME,UZITDETAAKNO_STATE) values ('1','T�cnicas audiovisuales y producci�n de medios','1');
Insert into INVESTIGACION.UZITDETAAKNO (UZITDETAAKNO_CODE,UZITDETAAKNO_NAME,UZITDETAAKNO_STATE) values ('2','Dise�o de modas, interiores e industrial','1');
Insert into INVESTIGACION.UZITDETAAKNO (UZITDETAAKNO_CODE,UZITDETAAKNO_NAME,UZITDETAAKNO_STATE) values ('3','Bellas Artes','1');
REM INSERTING into INVESTIGACION.UZITECPARGO
SET DEFINE OFF;
Insert into INVESTIGACION.UZITECPARGO (UZITECPARGO_CODE,UZITECPARGO_NAME,UZITECPARGO_STATE) values ('1','Exploraci�n y explotaci�n del medio terrestre','1');
Insert into INVESTIGACION.UZITECPARGO (UZITECPARGO_CODE,UZITECPARGO_NAME,UZITECPARGO_STATE) values ('2','Exploraci�n y explotaci�n del espacio','1');
Insert into INVESTIGACION.UZITECPARGO (UZITECPARGO_CODE,UZITECPARGO_NAME,UZITECPARGO_STATE) values ('3','Ambiente','1');
Insert into INVESTIGACION.UZITECPARGO (UZITECPARGO_CODE,UZITECPARGO_NAME,UZITECPARGO_STATE) values ('4','Transporte, telecomunicaciones y otras infraestructuras','1');
Insert into INVESTIGACION.UZITECPARGO (UZITECPARGO_CODE,UZITECPARGO_NAME,UZITECPARGO_STATE) values ('5','Energ�a','1');
REM INSERTING into INVESTIGACION.UZITESPEAKNO
SET DEFINE OFF;
Insert into INVESTIGACION.UZITESPEAKNO (UZITESPEAKNO_CODE,UZITESPEAKNO_NAME,UZITESPEAKNO_STATE) values ('1','Ingenieria de Software','1');
Insert into INVESTIGACION.UZITESPEAKNO (UZITESPEAKNO_CODE,UZITESPEAKNO_NAME,UZITESPEAKNO_STATE) values ('2','Ingenier�a en Programaci�n','1');
Insert into INVESTIGACION.UZITESPEAKNO (UZITESPEAKNO_CODE,UZITESPEAKNO_NAME,UZITESPEAKNO_STATE) values ('3','Base de Datos','1');
Insert into INVESTIGACION.UZITESPEAKNO (UZITESPEAKNO_CODE,UZITESPEAKNO_NAME,UZITESPEAKNO_STATE) values ('4','Gerencia','1');
REM INSERTING into INVESTIGACION.UZITGOALACTI
SET DEFINE OFF;
REM INSERTING into INVESTIGACION.UZITGOALPL
SET DEFINE OFF;
Insert into INVESTIGACION.UZITGOALPL (UZITGOALPL_CODE,UZITGOALPL_STATE,UZITPROJEC_CODE) values ('1','1',null);
Insert into INVESTIGACION.UZITGOALPL (UZITGOALPL_CODE,UZITGOALPL_STATE,UZITPROJEC_CODE) values ('2','1',null);
Insert into INVESTIGACION.UZITGOALPL (UZITGOALPL_CODE,UZITGOALPL_STATE,UZITPROJEC_CODE) values ('3','1',null);
Insert into INVESTIGACION.UZITGOALPL (UZITGOALPL_CODE,UZITGOALPL_STATE,UZITPROJEC_CODE) values ('4','1',null);
Insert into INVESTIGACION.UZITGOALPL (UZITGOALPL_CODE,UZITGOALPL_STATE,UZITPROJEC_CODE) values ('5','1',null);
Insert into INVESTIGACION.UZITGOALPL (UZITGOALPL_CODE,UZITGOALPL_STATE,UZITPROJEC_CODE) values ('6','1',null);
Insert into INVESTIGACION.UZITGOALPL (UZITGOALPL_CODE,UZITGOALPL_STATE,UZITPROJEC_CODE) values ('7','1',null);
Insert into INVESTIGACION.UZITGOALPL (UZITGOALPL_CODE,UZITGOALPL_STATE,UZITPROJEC_CODE) values ('8','1',null);
Insert into INVESTIGACION.UZITGOALPL (UZITGOALPL_CODE,UZITGOALPL_STATE,UZITPROJEC_CODE) values ('9','1',null);
REM INSERTING into INVESTIGACION.UZITINSTINV
SET DEFINE OFF;
Insert into INVESTIGACION.UZITINSTINV (UZITINSTINV_CODE,UZITINSTINV_ADDRESS,UZITINSTINV_EXE,UZITINSTINV_FAX,UZITINSTINV_LEGALREP,UZITINSTINV_LEGALREPID,UZITINSTINV_MAIL,UZITINSTINV_NAME,UZITINSTINV_PHONE,UZITEXECAGEN_STATE,UZITINSTINV_URL) values ('1','Av. Ladr�n de Guevara, Quito 170143','Departamento de Ciencias de la Computaci�n',null,'Merlin Ayala','1111111111','molalla@cedia.ec','Cedia Ecuador','(07)4079300','1','https://www.espe.edu.ec/');
Insert into INVESTIGACION.UZITINSTINV (UZITINSTINV_CODE,UZITINSTINV_ADDRESS,UZITINSTINV_EXE,UZITINSTINV_FAX,UZITINSTINV_LEGALREP,UZITINSTINV_LEGALREPID,UZITINSTINV_MAIL,UZITINSTINV_NAME,UZITINSTINV_PHONE,UZITEXECAGEN_STATE,UZITINSTINV_URL) values ('2','Sangolqu� 171103','Area de TI',null,'Oscar Deyala','2222222222','crojas@gadm.ec','Municipio de Rumi�ahui','1800 786 462','1','https://www.cedia.edu.ec/es/');
REM INSERTING into INVESTIGACION.UZITLINRES
SET DEFINE OFF;
Insert into INVESTIGACION.UZITLINRES (UZITLINRES_CODE,UZITLINRES_NAME,UZITLINRES_STATE) values ('1','TECNOLOG�AS DE INFORMACI�N Y COMUNICACI�N','1');
Insert into INVESTIGACION.UZITLINRES (UZITLINRES_CODE,UZITLINRES_NAME,UZITLINRES_STATE) values ('2','SISTEMAS ELECTR�NICOS Y COMPUTACIONALES','1');
Insert into INVESTIGACION.UZITLINRES (UZITLINRES_CODE,UZITLINRES_NAME,UZITLINRES_STATE) values ('3','AUTOM�TICA Y CONTROL','1');
Insert into INVESTIGACION.UZITLINRES (UZITLINRES_CODE,UZITLINRES_NAME,UZITLINRES_STATE) values ('4','INGENIER�A  DE SOFTWARE','1');
Insert into INVESTIGACION.UZITLINRES (UZITLINRES_CODE,UZITLINRES_NAME,UZITLINRES_STATE) values ('5','MATERIALES Y TECNOLOG�AS DE FABRICACI�N','1');
REM INSERTING into INVESTIGACION.UZITMENU
SET DEFINE OFF;
Insert into INVESTIGACION.UZITMENU (UZITMENU_CODE,UZITMENU_ICON,UZITMENU_IDENTIFIER,UZITMENU_NAME) values ('1','security','seguridadesSubmenu','SEGURIDADES');
Insert into INVESTIGACION.UZITMENU (UZITMENU_CODE,UZITMENU_ICON,UZITMENU_IDENTIFIER,UZITMENU_NAME) values ('2','dvr','proyectoSubmenu','PROYECTO');
Insert into INVESTIGACION.UZITMENU (UZITMENU_CODE,UZITMENU_ICON,UZITMENU_IDENTIFIER,UZITMENU_NAME) values ('3','build','adminitracionSubmenu','ADMINSTRACI�N');
Insert into INVESTIGACION.UZITMENU (UZITMENU_CODE,UZITMENU_ICON,UZITMENU_IDENTIFIER,UZITMENU_NAME) values ('4','plagiarism','trackingSubmenu','SEGUIMIENTO');
Insert into INVESTIGACION.UZITMENU (UZITMENU_CODE,UZITMENU_ICON,UZITMENU_IDENTIFIER,UZITMENU_NAME) values ('5','fact_check','evaluationSubMenu','EVALUACI�N');
REM INSERTING into INVESTIGACION.UZITNEWS
SET DEFINE OFF;
Insert into INVESTIGACION.UZITNEWS (UZITNEWS_CODE,UZITNEWS_BODY,UZITNEWS_END_DATE,UZITNEWS_IMAGE,UZITNEWS_START_DATE,UZITNEWS_SUBTITLE,UZITNEWS_TITLE) values ('1','Convocatoria de Proyectos de investigaci�n del mes de Octubre',to_date('30/12/2020','DD/MM/RRRR'),'8ff0ee16-1a26-466c-9369-f5e66db88ee3.png',to_date('10/09/2020','DD/MM/RRRR'),'Mes de Octubre','Nueva convocatoria');
Insert into INVESTIGACION.UZITNEWS (UZITNEWS_CODE,UZITNEWS_BODY,UZITNEWS_END_DATE,UZITNEWS_IMAGE,UZITNEWS_START_DATE,UZITNEWS_SUBTITLE,UZITNEWS_TITLE) values ('2','Se comenzar� el seguimiento de los proyectos subidos',to_date('30/12/2020','DD/MM/RRRR'),'8fedf769-56d1-4c40-8392-3ec902833e70.png',to_date('10/09/2020','DD/MM/RRRR'),'Evaluaci�n mes de Octubre','Evaluaci�n');
REM INSERTING into INVESTIGACION.UZITNOTIFI
SET DEFINE OFF;
Insert into INVESTIGACION.UZITNOTIFI (UZITNOTIFI_CODE,UZITNOTIFI_DATE,UZITNOTIFI_REC_STATE,UZITNOTIFI_TITLE,UZITUSER_CODE) values ('1',to_date('14/06/2020','DD/MM/RRRR'),'1','Proyecto aprobado','1');
Insert into INVESTIGACION.UZITNOTIFI (UZITNOTIFI_CODE,UZITNOTIFI_DATE,UZITNOTIFI_REC_STATE,UZITNOTIFI_TITLE,UZITUSER_CODE) values ('2',to_date('15/06/2020','DD/MM/RRRR'),'1','Proyecto Creado','2');
Insert into INVESTIGACION.UZITNOTIFI (UZITNOTIFI_CODE,UZITNOTIFI_DATE,UZITNOTIFI_REC_STATE,UZITNOTIFI_TITLE,UZITUSER_CODE) values ('3',to_date('16/06/2020','DD/MM/RRRR'),'1','Proyecto aprobado','2');
REM INSERTING into INVESTIGACION.UZITPOLICYPL
SET DEFINE OFF;
Insert into INVESTIGACION.UZITPOLICYPL (UZITPOLICYPL_CODE,UZITPOLICYPL_STATE,UZITGOALPL_CODE,UZITPROJEC_CODE) values ('17','1','1',null);
Insert into INVESTIGACION.UZITPOLICYPL (UZITPOLICYPL_CODE,UZITPOLICYPL_STATE,UZITGOALPL_CODE,UZITPROJEC_CODE) values ('18','1','2',null);
Insert into INVESTIGACION.UZITPOLICYPL (UZITPOLICYPL_CODE,UZITPOLICYPL_STATE,UZITGOALPL_CODE,UZITPROJEC_CODE) values ('19','1','2',null);
Insert into INVESTIGACION.UZITPOLICYPL (UZITPOLICYPL_CODE,UZITPOLICYPL_STATE,UZITGOALPL_CODE,UZITPROJEC_CODE) values ('20','1','2',null);
Insert into INVESTIGACION.UZITPOLICYPL (UZITPOLICYPL_CODE,UZITPOLICYPL_STATE,UZITGOALPL_CODE,UZITPROJEC_CODE) values ('21','1','2',null);
Insert into INVESTIGACION.UZITPOLICYPL (UZITPOLICYPL_CODE,UZITPOLICYPL_STATE,UZITGOALPL_CODE,UZITPROJEC_CODE) values ('22','1','2',null);
Insert into INVESTIGACION.UZITPOLICYPL (UZITPOLICYPL_CODE,UZITPOLICYPL_STATE,UZITGOALPL_CODE,UZITPROJEC_CODE) values ('23','1','2',null);
Insert into INVESTIGACION.UZITPOLICYPL (UZITPOLICYPL_CODE,UZITPOLICYPL_STATE,UZITGOALPL_CODE,UZITPROJEC_CODE) values ('24','1','2',null);
Insert into INVESTIGACION.UZITPOLICYPL (UZITPOLICYPL_CODE,UZITPOLICYPL_STATE,UZITGOALPL_CODE,UZITPROJEC_CODE) values ('25','1','3',null);
Insert into INVESTIGACION.UZITPOLICYPL (UZITPOLICYPL_CODE,UZITPOLICYPL_STATE,UZITGOALPL_CODE,UZITPROJEC_CODE) values ('26','1','3',null);
Insert into INVESTIGACION.UZITPOLICYPL (UZITPOLICYPL_CODE,UZITPOLICYPL_STATE,UZITGOALPL_CODE,UZITPROJEC_CODE) values ('27','1','3',null);
Insert into INVESTIGACION.UZITPOLICYPL (UZITPOLICYPL_CODE,UZITPOLICYPL_STATE,UZITGOALPL_CODE,UZITPROJEC_CODE) values ('28','1','3',null);
Insert into INVESTIGACION.UZITPOLICYPL (UZITPOLICYPL_CODE,UZITPOLICYPL_STATE,UZITGOALPL_CODE,UZITPROJEC_CODE) values ('29','1','3',null);
Insert into INVESTIGACION.UZITPOLICYPL (UZITPOLICYPL_CODE,UZITPOLICYPL_STATE,UZITGOALPL_CODE,UZITPROJEC_CODE) values ('30','1','3',null);
Insert into INVESTIGACION.UZITPOLICYPL (UZITPOLICYPL_CODE,UZITPOLICYPL_STATE,UZITGOALPL_CODE,UZITPROJEC_CODE) values ('31','1','3',null);
Insert into INVESTIGACION.UZITPOLICYPL (UZITPOLICYPL_CODE,UZITPOLICYPL_STATE,UZITGOALPL_CODE,UZITPROJEC_CODE) values ('32','1','3',null);
Insert into INVESTIGACION.UZITPOLICYPL (UZITPOLICYPL_CODE,UZITPOLICYPL_STATE,UZITGOALPL_CODE,UZITPROJEC_CODE) values ('33','1','3',null);
Insert into INVESTIGACION.UZITPOLICYPL (UZITPOLICYPL_CODE,UZITPOLICYPL_STATE,UZITGOALPL_CODE,UZITPROJEC_CODE) values ('34','1','4',null);
Insert into INVESTIGACION.UZITPOLICYPL (UZITPOLICYPL_CODE,UZITPOLICYPL_STATE,UZITGOALPL_CODE,UZITPROJEC_CODE) values ('35','1','4',null);
Insert into INVESTIGACION.UZITPOLICYPL (UZITPOLICYPL_CODE,UZITPOLICYPL_STATE,UZITGOALPL_CODE,UZITPROJEC_CODE) values ('36','1','4',null);
Insert into INVESTIGACION.UZITPOLICYPL (UZITPOLICYPL_CODE,UZITPOLICYPL_STATE,UZITGOALPL_CODE,UZITPROJEC_CODE) values ('37','1','4',null);
Insert into INVESTIGACION.UZITPOLICYPL (UZITPOLICYPL_CODE,UZITPOLICYPL_STATE,UZITGOALPL_CODE,UZITPROJEC_CODE) values ('38','1','4',null);
Insert into INVESTIGACION.UZITPOLICYPL (UZITPOLICYPL_CODE,UZITPOLICYPL_STATE,UZITGOALPL_CODE,UZITPROJEC_CODE) values ('39','1','4',null);
Insert into INVESTIGACION.UZITPOLICYPL (UZITPOLICYPL_CODE,UZITPOLICYPL_STATE,UZITGOALPL_CODE,UZITPROJEC_CODE) values ('40','1','4',null);
Insert into INVESTIGACION.UZITPOLICYPL (UZITPOLICYPL_CODE,UZITPOLICYPL_STATE,UZITGOALPL_CODE,UZITPROJEC_CODE) values ('41','1','4',null);
Insert into INVESTIGACION.UZITPOLICYPL (UZITPOLICYPL_CODE,UZITPOLICYPL_STATE,UZITGOALPL_CODE,UZITPROJEC_CODE) values ('42','1','4',null);
Insert into INVESTIGACION.UZITPOLICYPL (UZITPOLICYPL_CODE,UZITPOLICYPL_STATE,UZITGOALPL_CODE,UZITPROJEC_CODE) values ('43','1','4',null);
Insert into INVESTIGACION.UZITPOLICYPL (UZITPOLICYPL_CODE,UZITPOLICYPL_STATE,UZITGOALPL_CODE,UZITPROJEC_CODE) values ('44','1','5',null);
Insert into INVESTIGACION.UZITPOLICYPL (UZITPOLICYPL_CODE,UZITPOLICYPL_STATE,UZITGOALPL_CODE,UZITPROJEC_CODE) values ('45','1','5',null);
Insert into INVESTIGACION.UZITPOLICYPL (UZITPOLICYPL_CODE,UZITPOLICYPL_STATE,UZITGOALPL_CODE,UZITPROJEC_CODE) values ('46','1','5',null);
Insert into INVESTIGACION.UZITPOLICYPL (UZITPOLICYPL_CODE,UZITPOLICYPL_STATE,UZITGOALPL_CODE,UZITPROJEC_CODE) values ('47','1','5',null);
Insert into INVESTIGACION.UZITPOLICYPL (UZITPOLICYPL_CODE,UZITPOLICYPL_STATE,UZITGOALPL_CODE,UZITPROJEC_CODE) values ('48','1','5',null);
Insert into INVESTIGACION.UZITPOLICYPL (UZITPOLICYPL_CODE,UZITPOLICYPL_STATE,UZITGOALPL_CODE,UZITPROJEC_CODE) values ('49','1','5',null);
Insert into INVESTIGACION.UZITPOLICYPL (UZITPOLICYPL_CODE,UZITPOLICYPL_STATE,UZITGOALPL_CODE,UZITPROJEC_CODE) values ('50','1','5',null);
Insert into INVESTIGACION.UZITPOLICYPL (UZITPOLICYPL_CODE,UZITPOLICYPL_STATE,UZITGOALPL_CODE,UZITPROJEC_CODE) values ('51','1','5',null);
Insert into INVESTIGACION.UZITPOLICYPL (UZITPOLICYPL_CODE,UZITPOLICYPL_STATE,UZITGOALPL_CODE,UZITPROJEC_CODE) values ('52','1','5',null);
Insert into INVESTIGACION.UZITPOLICYPL (UZITPOLICYPL_CODE,UZITPOLICYPL_STATE,UZITGOALPL_CODE,UZITPROJEC_CODE) values ('53','1','5',null);
Insert into INVESTIGACION.UZITPOLICYPL (UZITPOLICYPL_CODE,UZITPOLICYPL_STATE,UZITGOALPL_CODE,UZITPROJEC_CODE) values ('54','1','6',null);
Insert into INVESTIGACION.UZITPOLICYPL (UZITPOLICYPL_CODE,UZITPOLICYPL_STATE,UZITGOALPL_CODE,UZITPROJEC_CODE) values ('55','1','6',null);
Insert into INVESTIGACION.UZITPOLICYPL (UZITPOLICYPL_CODE,UZITPOLICYPL_STATE,UZITGOALPL_CODE,UZITPROJEC_CODE) values ('56','1','6',null);
Insert into INVESTIGACION.UZITPOLICYPL (UZITPOLICYPL_CODE,UZITPOLICYPL_STATE,UZITGOALPL_CODE,UZITPROJEC_CODE) values ('57','1','6',null);
Insert into INVESTIGACION.UZITPOLICYPL (UZITPOLICYPL_CODE,UZITPOLICYPL_STATE,UZITGOALPL_CODE,UZITPROJEC_CODE) values ('58','1','6',null);
Insert into INVESTIGACION.UZITPOLICYPL (UZITPOLICYPL_CODE,UZITPOLICYPL_STATE,UZITGOALPL_CODE,UZITPROJEC_CODE) values ('59','1','6',null);
Insert into INVESTIGACION.UZITPOLICYPL (UZITPOLICYPL_CODE,UZITPOLICYPL_STATE,UZITGOALPL_CODE,UZITPROJEC_CODE) values ('60','1','6',null);
Insert into INVESTIGACION.UZITPOLICYPL (UZITPOLICYPL_CODE,UZITPOLICYPL_STATE,UZITGOALPL_CODE,UZITPROJEC_CODE) values ('61','1','7',null);
Insert into INVESTIGACION.UZITPOLICYPL (UZITPOLICYPL_CODE,UZITPOLICYPL_STATE,UZITGOALPL_CODE,UZITPROJEC_CODE) values ('62','1','7',null);
Insert into INVESTIGACION.UZITPOLICYPL (UZITPOLICYPL_CODE,UZITPOLICYPL_STATE,UZITGOALPL_CODE,UZITPROJEC_CODE) values ('63','1','7',null);
Insert into INVESTIGACION.UZITPOLICYPL (UZITPOLICYPL_CODE,UZITPOLICYPL_STATE,UZITGOALPL_CODE,UZITPROJEC_CODE) values ('64','1','7',null);
Insert into INVESTIGACION.UZITPOLICYPL (UZITPOLICYPL_CODE,UZITPOLICYPL_STATE,UZITGOALPL_CODE,UZITPROJEC_CODE) values ('65','1','7',null);
Insert into INVESTIGACION.UZITPOLICYPL (UZITPOLICYPL_CODE,UZITPOLICYPL_STATE,UZITGOALPL_CODE,UZITPROJEC_CODE) values ('66','1','7',null);
Insert into INVESTIGACION.UZITPOLICYPL (UZITPOLICYPL_CODE,UZITPOLICYPL_STATE,UZITGOALPL_CODE,UZITPROJEC_CODE) values ('67','1','7',null);
Insert into INVESTIGACION.UZITPOLICYPL (UZITPOLICYPL_CODE,UZITPOLICYPL_STATE,UZITGOALPL_CODE,UZITPROJEC_CODE) values ('68','1','7',null);
Insert into INVESTIGACION.UZITPOLICYPL (UZITPOLICYPL_CODE,UZITPOLICYPL_STATE,UZITGOALPL_CODE,UZITPROJEC_CODE) values ('69','1','7',null);
Insert into INVESTIGACION.UZITPOLICYPL (UZITPOLICYPL_CODE,UZITPOLICYPL_STATE,UZITGOALPL_CODE,UZITPROJEC_CODE) values ('70','1','8',null);
Insert into INVESTIGACION.UZITPOLICYPL (UZITPOLICYPL_CODE,UZITPOLICYPL_STATE,UZITGOALPL_CODE,UZITPROJEC_CODE) values ('71','1','8',null);
Insert into INVESTIGACION.UZITPOLICYPL (UZITPOLICYPL_CODE,UZITPOLICYPL_STATE,UZITGOALPL_CODE,UZITPROJEC_CODE) values ('72','1','8',null);
Insert into INVESTIGACION.UZITPOLICYPL (UZITPOLICYPL_CODE,UZITPOLICYPL_STATE,UZITGOALPL_CODE,UZITPROJEC_CODE) values ('73','1','8',null);
Insert into INVESTIGACION.UZITPOLICYPL (UZITPOLICYPL_CODE,UZITPOLICYPL_STATE,UZITGOALPL_CODE,UZITPROJEC_CODE) values ('74','1','8',null);
Insert into INVESTIGACION.UZITPOLICYPL (UZITPOLICYPL_CODE,UZITPOLICYPL_STATE,UZITGOALPL_CODE,UZITPROJEC_CODE) values ('75','1','8',null);
Insert into INVESTIGACION.UZITPOLICYPL (UZITPOLICYPL_CODE,UZITPOLICYPL_STATE,UZITGOALPL_CODE,UZITPROJEC_CODE) values ('1','1','1',null);
Insert into INVESTIGACION.UZITPOLICYPL (UZITPOLICYPL_CODE,UZITPOLICYPL_STATE,UZITGOALPL_CODE,UZITPROJEC_CODE) values ('2','1','1',null);
Insert into INVESTIGACION.UZITPOLICYPL (UZITPOLICYPL_CODE,UZITPOLICYPL_STATE,UZITGOALPL_CODE,UZITPROJEC_CODE) values ('3','1','1',null);
Insert into INVESTIGACION.UZITPOLICYPL (UZITPOLICYPL_CODE,UZITPOLICYPL_STATE,UZITGOALPL_CODE,UZITPROJEC_CODE) values ('4','1','1',null);
Insert into INVESTIGACION.UZITPOLICYPL (UZITPOLICYPL_CODE,UZITPOLICYPL_STATE,UZITGOALPL_CODE,UZITPROJEC_CODE) values ('5','1','1',null);
Insert into INVESTIGACION.UZITPOLICYPL (UZITPOLICYPL_CODE,UZITPOLICYPL_STATE,UZITGOALPL_CODE,UZITPROJEC_CODE) values ('6','1','1',null);
Insert into INVESTIGACION.UZITPOLICYPL (UZITPOLICYPL_CODE,UZITPOLICYPL_STATE,UZITGOALPL_CODE,UZITPROJEC_CODE) values ('7','1','1',null);
Insert into INVESTIGACION.UZITPOLICYPL (UZITPOLICYPL_CODE,UZITPOLICYPL_STATE,UZITGOALPL_CODE,UZITPROJEC_CODE) values ('8','1','1',null);
Insert into INVESTIGACION.UZITPOLICYPL (UZITPOLICYPL_CODE,UZITPOLICYPL_STATE,UZITGOALPL_CODE,UZITPROJEC_CODE) values ('9','1','1',null);
Insert into INVESTIGACION.UZITPOLICYPL (UZITPOLICYPL_CODE,UZITPOLICYPL_STATE,UZITGOALPL_CODE,UZITPROJEC_CODE) values ('10','1','1',null);
Insert into INVESTIGACION.UZITPOLICYPL (UZITPOLICYPL_CODE,UZITPOLICYPL_STATE,UZITGOALPL_CODE,UZITPROJEC_CODE) values ('11','1','1',null);
Insert into INVESTIGACION.UZITPOLICYPL (UZITPOLICYPL_CODE,UZITPOLICYPL_STATE,UZITGOALPL_CODE,UZITPROJEC_CODE) values ('12','1','1',null);
Insert into INVESTIGACION.UZITPOLICYPL (UZITPOLICYPL_CODE,UZITPOLICYPL_STATE,UZITGOALPL_CODE,UZITPROJEC_CODE) values ('13','1','1',null);
Insert into INVESTIGACION.UZITPOLICYPL (UZITPOLICYPL_CODE,UZITPOLICYPL_STATE,UZITGOALPL_CODE,UZITPROJEC_CODE) values ('14','1','1',null);
Insert into INVESTIGACION.UZITPOLICYPL (UZITPOLICYPL_CODE,UZITPOLICYPL_STATE,UZITGOALPL_CODE,UZITPROJEC_CODE) values ('15','1','1',null);
Insert into INVESTIGACION.UZITPOLICYPL (UZITPOLICYPL_CODE,UZITPOLICYPL_STATE,UZITGOALPL_CODE,UZITPROJEC_CODE) values ('16','1','1',null);
Insert into INVESTIGACION.UZITPOLICYPL (UZITPOLICYPL_CODE,UZITPOLICYPL_STATE,UZITGOALPL_CODE,UZITPROJEC_CODE) values ('76','1','9',null);
Insert into INVESTIGACION.UZITPOLICYPL (UZITPOLICYPL_CODE,UZITPOLICYPL_STATE,UZITGOALPL_CODE,UZITPROJEC_CODE) values ('77','1','9',null);
Insert into INVESTIGACION.UZITPOLICYPL (UZITPOLICYPL_CODE,UZITPOLICYPL_STATE,UZITGOALPL_CODE,UZITPROJEC_CODE) values ('78','1','9',null);
Insert into INVESTIGACION.UZITPOLICYPL (UZITPOLICYPL_CODE,UZITPOLICYPL_STATE,UZITGOALPL_CODE,UZITPROJEC_CODE) values ('79','1','9',null);
Insert into INVESTIGACION.UZITPOLICYPL (UZITPOLICYPL_CODE,UZITPOLICYPL_STATE,UZITGOALPL_CODE,UZITPROJEC_CODE) values ('80','1','9',null);
Insert into INVESTIGACION.UZITPOLICYPL (UZITPOLICYPL_CODE,UZITPOLICYPL_STATE,UZITGOALPL_CODE,UZITPROJEC_CODE) values ('81','1','9',null);
REM INSERTING into INVESTIGACION.UZITPOSPRO
SET DEFINE OFF;
Insert into INVESTIGACION.UZITPOSPRO (UZITPOSPRO_CODE,UZITPOSPRO_NAME,UZITPOSPRO_STATE) values ('1','Administraci�n en Gesti�n Hospitalaria','1');
Insert into INVESTIGACION.UZITPOSPRO (UZITPOSPRO_CODE,UZITPOSPRO_NAME,UZITPOSPRO_STATE) values ('2','Sistemas de Gesti�n Ambiental','1');
Insert into INVESTIGACION.UZITPOSPRO (UZITPOSPRO_CODE,UZITPOSPRO_NAME,UZITPOSPRO_STATE) values ('3','Auditor�a Ambiental','1');
Insert into INVESTIGACION.UZITPOSPRO (UZITPOSPRO_CODE,UZITPOSPRO_NAME,UZITPOSPRO_STATE) values ('4','Producci�n Animal','1');
Insert into INVESTIGACION.UZITPOSPRO (UZITPOSPRO_CODE,UZITPOSPRO_NAME,UZITPOSPRO_STATE) values ('5','Ense�anza de la Matem�tica','1');
Insert into INVESTIGACION.UZITPOSPRO (UZITPOSPRO_CODE,UZITPOSPRO_NAME,UZITPOSPRO_STATE) values ('6','Agricultura Sostenible','1');
Insert into INVESTIGACION.UZITPOSPRO (UZITPOSPRO_CODE,UZITPOSPRO_NAME,UZITPOSPRO_STATE) values ('7','Administraci�n de la Construcci�n','1');
Insert into INVESTIGACION.UZITPOSPRO (UZITPOSPRO_CODE,UZITPOSPRO_NAME,UZITPOSPRO_STATE) values ('8','Evaluaci�n y Auditor�a de Sistemas Tecnol�gicos','1');
Insert into INVESTIGACION.UZITPOSPRO (UZITPOSPRO_CODE,UZITPOSPRO_NAME,UZITPOSPRO_STATE) values ('9','Gesti�n de Proyectos','1');
REM INSERTING into INVESTIGACION.UZITPROGRA
SET DEFINE OFF;
Insert into INVESTIGACION.UZITPROGRA (UZITPROGRA_CODE,UZITPROGRA_NAME,UZITPROGRA_STATE) values ('1','Programa General','1');
Insert into INVESTIGACION.UZITPROGRA (UZITPROGRA_CODE,UZITPROGRA_NAME,UZITPROGRA_STATE) values ('2','Programa del Estado','1');
Insert into INVESTIGACION.UZITPROGRA (UZITPROGRA_CODE,UZITPROGRA_NAME,UZITPROGRA_STATE) values ('3','Programa Universitario','1');
REM INSERTING into INVESTIGACION.UZITPROJEC
SET DEFINE OFF;
REM INSERTING into INVESTIGACION.UZITPROJGOAL
SET DEFINE OFF;
REM INSERTING into INVESTIGACION.UZITPROJINST
SET DEFINE OFF;
REM INSERTING into INVESTIGACION.UZITPROJPOLI
SET DEFINE OFF;
REM INSERTING into INVESTIGACION.UZITPROJREQ
SET DEFINE OFF;
REM INSERTING into INVESTIGACION.UZITPROMEM
SET DEFINE OFF;
Insert into INVESTIGACION.UZITPROMEM (UZITPROMEM_CODE,UZITPROMEM_NAME,UZITPROMEM_STATE) values ('1','Investigaci�n','1');
Insert into INVESTIGACION.UZITPROMEM (UZITPROMEM_CODE,UZITPROMEM_NAME,UZITPROMEM_STATE) values ('2','Vinculaci�n','1');
REM INSERTING into INVESTIGACION.UZITPRORES
SET DEFINE OFF;
REM INSERTING into INVESTIGACION.UZITPRORESTY
SET DEFINE OFF;
Insert into INVESTIGACION.UZITPRORESTY (UZITPRORESTY_CODE,UZITPRORESTY_NAME,UZITPRORESTY_STATE) values ('1','Director del Proyecto','1');
Insert into INVESTIGACION.UZITPRORESTY (UZITPRORESTY_CODE,UZITPRORESTY_NAME,UZITPRORESTY_STATE) values ('2','Director Subrogante','1');
Insert into INVESTIGACION.UZITPRORESTY (UZITPRORESTY_CODE,UZITPRORESTY_NAME,UZITPRORESTY_STATE) values ('3','Investigador','1');
Insert into INVESTIGACION.UZITPRORESTY (UZITPRORESTY_CODE,UZITPRORESTY_NAME,UZITPRORESTY_STATE) values ('4','Asistente de Investigaci�n ','1');
Insert into INVESTIGACION.UZITPRORESTY (UZITPRORESTY_CODE,UZITPRORESTY_NAME,UZITPRORESTY_STATE) values ('5','Otros','1');
REM INSERTING into INVESTIGACION.UZITPROSTA
SET DEFINE OFF;
Insert into INVESTIGACION.UZITPROSTA (UZITPROSTA_CODE,UZITPROSTA_NAME,UZITPROSTA_STATE) values ('1','Registrado','1');
Insert into INVESTIGACION.UZITPROSTA (UZITPROSTA_CODE,UZITPROSTA_NAME,UZITPROSTA_STATE) values ('2','Ingresado','1');
Insert into INVESTIGACION.UZITPROSTA (UZITPROSTA_CODE,UZITPROSTA_NAME,UZITPROSTA_STATE) values ('3','Aprobado','1');
Insert into INVESTIGACION.UZITPROSTA (UZITPROSTA_CODE,UZITPROSTA_NAME,UZITPROSTA_STATE) values ('4','Pendiente','1');
Insert into INVESTIGACION.UZITPROSTA (UZITPROSTA_CODE,UZITPROSTA_NAME,UZITPROSTA_STATE) values ('5','Rechazado','1');
Insert into INVESTIGACION.UZITPROSTA (UZITPROSTA_CODE,UZITPROSTA_NAME,UZITPROSTA_STATE) values ('6','Desarrollo','1');
Insert into INVESTIGACION.UZITPROSTA (UZITPROSTA_CODE,UZITPROSTA_NAME,UZITPROSTA_STATE) values ('7','Seguimiento','1');
Insert into INVESTIGACION.UZITPROSTA (UZITPROSTA_CODE,UZITPROSTA_NAME,UZITPROSTA_STATE) values ('8','Finalizado','1');
REM INSERTING into INVESTIGACION.UZITPROSTSER
SET DEFINE OFF;
REM INSERTING into INVESTIGACION.UZITPROTY
SET DEFINE OFF;
Insert into INVESTIGACION.UZITPROTY (UZITPROTY_CODE,UZITPROTY_NAME,UZITPROTY_STATE) values ('1','Nuevo','1');
Insert into INVESTIGACION.UZITPROTY (UZITPROTY_CODE,UZITPROTY_NAME,UZITPROTY_STATE) values ('2','En ejecuci�n','1');
Insert into INVESTIGACION.UZITPROTY (UZITPROTY_CODE,UZITPROTY_NAME,UZITPROTY_STATE) values ('3','Continuaci�n','1');
REM INSERTING into INVESTIGACION.UZITRECORD
SET DEFINE OFF;
REM INSERTING into INVESTIGACION.UZITREQ
SET DEFINE OFF;
Insert into INVESTIGACION.UZITREQ (UZITREQ_CODE,UZITREQ_NAME,UZITREQ_STATE) values ('1','Ciudadan�a Ecuatoriana','1');
Insert into INVESTIGACION.UZITREQ (UZITREQ_CODE,UZITREQ_NAME,UZITREQ_STATE) values ('2','Docente Titular','1');
Insert into INVESTIGACION.UZITREQ (UZITREQ_CODE,UZITREQ_NAME,UZITREQ_STATE) values ('3','Participaci�n en al menos 2 proyectos de investigaci�n previos','1');
Insert into INVESTIGACION.UZITREQ (UZITREQ_CODE,UZITREQ_NAME,UZITREQ_STATE) values ('4','Al menos 2 personas por grupo','1');
Insert into INVESTIGACION.UZITREQ (UZITREQ_CODE,UZITREQ_NAME,UZITREQ_STATE) values ('5','M�ximo 5 personas por grupo','1');
REM INSERTING into INVESTIGACION.UZITRES
SET DEFINE OFF;
Insert into INVESTIGACION.UZITRES (UZITRES_CODE,UZITRES_NAME,UZITRES_STATE) values ('1','Humanos','1');
Insert into INVESTIGACION.UZITRES (UZITRES_CODE,UZITRES_NAME,UZITRES_STATE) values ('2','Viajes T�cnicos','1');
Insert into INVESTIGACION.UZITRES (UZITRES_CODE,UZITRES_NAME,UZITRES_STATE) values ('3','Capacitaci�n','1');
Insert into INVESTIGACION.UZITRES (UZITRES_CODE,UZITRES_NAME,UZITRES_STATE) values ('4','Equipos','1');
Insert into INVESTIGACION.UZITRES (UZITRES_CODE,UZITRES_NAME,UZITRES_STATE) values ('5','Bibliogr�ficos y software','1');
Insert into INVESTIGACION.UZITRES (UZITRES_CODE,UZITRES_NAME,UZITRES_STATE) values ('6','Materiales y suministros','1');
Insert into INVESTIGACION.UZITRES (UZITRES_CODE,UZITRES_NAME,UZITRES_STATE) values ('7','Transferencia de resultados','1');
Insert into INVESTIGACION.UZITRES (UZITRES_CODE,UZITRES_NAME,UZITRES_STATE) values ('8','Subcontratos y servicios','1');
REM INSERTING into INVESTIGACION.UZITRESGRO
SET DEFINE OFF;
Insert into INVESTIGACION.UZITRESGRO (UZITRESGRO_CODE,UZITRESGRO_NAME,UZITRESGRO_STATE) values ('1','WICOM Energy','1');
Insert into INVESTIGACION.UZITRESGRO (UZITRESGRO_CODE,UZITRESGRO_NAME,UZITRESGRO_STATE) values ('2','Modelamiento Matem�tico','1');
Insert into INVESTIGACION.UZITRESGRO (UZITRESGRO_CODE,UZITRESGRO_NAME,UZITRESGRO_STATE) values ('3','Geodin�mica Interna y Externa','1');
REM INSERTING into INVESTIGACION.UZITRESTYP
SET DEFINE OFF;
Insert into INVESTIGACION.UZITRESTYP (UZITRESTYP_CODE,UZITRESTYP_NAME,UZITRESTYP_STATE) values ('1','Investigaci�n B�sica','1');
Insert into INVESTIGACION.UZITRESTYP (UZITRESTYP_CODE,UZITRESTYP_NAME,UZITRESTYP_STATE) values ('2','Investigaci�n Aplicada','1');
Insert into INVESTIGACION.UZITRESTYP (UZITRESTYP_CODE,UZITRESTYP_NAME,UZITRESTYP_STATE) values ('3','Desarrollo Experimental','1');
REM INSERTING into INVESTIGACION.UZITROLE
SET DEFINE OFF;
Insert into INVESTIGACION.UZITROLE (UZITROLE_CODE,UZITROLE_NAME,UZITROLE_ROLENAM) values ('1','Administrador','ROLE_ADMIN');
Insert into INVESTIGACION.UZITROLE (UZITROLE_CODE,UZITROLE_NAME,UZITROLE_ROLENAM) values ('2','Usuario','ROLE_USER');
Insert into INVESTIGACION.UZITROLE (UZITROLE_CODE,UZITROLE_NAME,UZITROLE_ROLENAM) values ('3','Administrador de proyecto','ROLE_PROJECT_ADMIN');
Insert into INVESTIGACION.UZITROLE (UZITROLE_CODE,UZITROLE_NAME,UZITROLE_ROLENAM) values ('4','Director de proyecto','ROLE_PROJECT_LEADER');
Insert into INVESTIGACION.UZITROLE (UZITROLE_CODE,UZITROLE_NAME,UZITROLE_ROLENAM) values ('5','Seguimiento','ROLE_PROJECT_TRACKER');
Insert into INVESTIGACION.UZITROLE (UZITROLE_CODE,UZITROLE_NAME,UZITROLE_ROLENAM) values ('6','Evaluador de proyecto','ROLE_PROJECT_EVALUER');
REM INSERTING into INVESTIGACION.UZITROLEROUTE
SET DEFINE OFF;
Insert into INVESTIGACION.UZITROLEROUTE (UZITROLE_CODE,UZITROUTE_CODE) values ('1','1');
Insert into INVESTIGACION.UZITROLEROUTE (UZITROLE_CODE,UZITROUTE_CODE) values ('3','2');
Insert into INVESTIGACION.UZITROLEROUTE (UZITROLE_CODE,UZITROUTE_CODE) values ('3','3');
Insert into INVESTIGACION.UZITROLEROUTE (UZITROLE_CODE,UZITROUTE_CODE) values ('3','4');
Insert into INVESTIGACION.UZITROLEROUTE (UZITROLE_CODE,UZITROUTE_CODE) values ('3','5');
Insert into INVESTIGACION.UZITROLEROUTE (UZITROLE_CODE,UZITROUTE_CODE) values ('3','6');
Insert into INVESTIGACION.UZITROLEROUTE (UZITROLE_CODE,UZITROUTE_CODE) values ('3','7');
Insert into INVESTIGACION.UZITROLEROUTE (UZITROLE_CODE,UZITROUTE_CODE) values ('3','8');
Insert into INVESTIGACION.UZITROLEROUTE (UZITROLE_CODE,UZITROUTE_CODE) values ('3','9');
Insert into INVESTIGACION.UZITROLEROUTE (UZITROLE_CODE,UZITROUTE_CODE) values ('3','10');
Insert into INVESTIGACION.UZITROLEROUTE (UZITROLE_CODE,UZITROUTE_CODE) values ('4','11');
REM INSERTING into INVESTIGACION.UZITROUTE
SET DEFINE OFF;
Insert into INVESTIGACION.UZITROUTE (UZITROUTE_CODE,UZITROUTE_ICON,UZITROUTE_NAME,UZITROUTE_CLASS,UZITROUTE_TITLE,UZITMENU_CODE) values ('1','person','adminUserMenuSecurity',null,'Administraci�n de Usuarios','1');
Insert into INVESTIGACION.UZITROUTE (UZITROUTE_CODE,UZITROUTE_ICON,UZITROUTE_NAME,UZITROUTE_CLASS,UZITROUTE_TITLE,UZITMENU_CODE) values ('2','alarm','callMenuRegistry',null,'Convocatoria','2');
Insert into INVESTIGACION.UZITROUTE (UZITROUTE_CODE,UZITROUTE_ICON,UZITROUTE_NAME,UZITROUTE_CLASS,UZITROUTE_TITLE,UZITMENU_CODE) values ('3','add_location','locationMenuRegistry',null,'Localizaci�n','2');
Insert into INVESTIGACION.UZITROUTE (UZITROUTE_CODE,UZITROUTE_ICON,UZITROUTE_NAME,UZITROUTE_CLASS,UZITROUTE_TITLE,UZITMENU_CODE) values ('4','school','collegeMenuRegistry',null,'Universidad','2');
Insert into INVESTIGACION.UZITROUTE (UZITROUTE_CODE,UZITROUTE_ICON,UZITROUTE_NAME,UZITROUTE_CLASS,UZITROUTE_TITLE,UZITMENU_CODE) values ('5','person_pin','staffMenuRegistry',null,'Personal','2');
Insert into INVESTIGACION.UZITROUTE (UZITROUTE_CODE,UZITROUTE_ICON,UZITROUTE_NAME,UZITROUTE_CLASS,UZITROUTE_TITLE,UZITMENU_CODE) values ('6','science','researchMenuRegistry',null,'Investigaci�n','2');
Insert into INVESTIGACION.UZITROUTE (UZITROUTE_CODE,UZITROUTE_ICON,UZITROUTE_NAME,UZITROUTE_CLASS,UZITROUTE_TITLE,UZITMENU_CODE) values ('7','image_search','purposeMenuRegistry',null,'Finalidad','2');
Insert into INVESTIGACION.UZITROUTE (UZITROUTE_CODE,UZITROUTE_ICON,UZITROUTE_NAME,UZITROUTE_CLASS,UZITROUTE_TITLE,UZITMENU_CODE) values ('8','museum','knowledgeAreaMenuRegistry',null,'�rea de Conocimiento','2');
Insert into INVESTIGACION.UZITROUTE (UZITROUTE_CODE,UZITROUTE_ICON,UZITROUTE_NAME,UZITROUTE_CLASS,UZITROUTE_TITLE,UZITMENU_CODE) values ('9','business','externalInstitutionMenuRegistry',null,'Instituciones Externas','2');
Insert into INVESTIGACION.UZITROUTE (UZITROUTE_CODE,UZITROUTE_ICON,UZITROUTE_NAME,UZITROUTE_CLASS,UZITROUTE_TITLE,UZITMENU_CODE) values ('10','mode_comment','informativeMenuAdmin',null,'informativo','3');
Insert into INVESTIGACION.UZITROUTE (UZITROUTE_CODE,UZITROUTE_ICON,UZITROUTE_NAME,UZITROUTE_CLASS,UZITROUTE_TITLE,UZITMENU_CODE) values ('11','menu_book','projectLeaderMenuRegistry',null,'Mis Proyectos','2');
REM INSERTING into INVESTIGACION.UZITSCIDIS
SET DEFINE OFF;
Insert into INVESTIGACION.UZITSCIDIS (UZITSCIDIS_CODE,UZITSCIDIS_NAME,UZITSCIDIS_STATE) values ('1','Ciencias Agr�colas','1');
Insert into INVESTIGACION.UZITSCIDIS (UZITSCIDIS_CODE,UZITSCIDIS_NAME,UZITSCIDIS_STATE) values ('2','Ciencias M�dicas ','1');
Insert into INVESTIGACION.UZITSCIDIS (UZITSCIDIS_CODE,UZITSCIDIS_NAME,UZITSCIDIS_STATE) values ('3','Ciencias Sociales','1');
Insert into INVESTIGACION.UZITSCIDIS (UZITSCIDIS_CODE,UZITSCIDIS_NAME,UZITSCIDIS_STATE) values ('4','Ciencias Naturales y Exactas','1');
Insert into INVESTIGACION.UZITSCIDIS (UZITSCIDIS_CODE,UZITSCIDIS_NAME,UZITSCIDIS_STATE) values ('5','Ingenier�a y Tecnolog�a','1');
Insert into INVESTIGACION.UZITSCIDIS (UZITSCIDIS_CODE,UZITSCIDIS_NAME,UZITSCIDIS_STATE) values ('6','Humanidades','1');
REM INSERTING into INVESTIGACION.UZITSUNEAKNO
SET DEFINE OFF;
Insert into INVESTIGACION.UZITSUNEAKNO (UZITSUNEAKNO_CODE,UZITSUNEAKNO_NAME,UZITSUNEAKNO_STATE,UZITUNESAKNO_CODE) values ('1','L�gica Matematica','1','1');
Insert into INVESTIGACION.UZITSUNEAKNO (UZITSUNEAKNO_CODE,UZITSUNEAKNO_NAME,UZITSUNEAKNO_STATE,UZITUNESAKNO_CODE) values ('2','Geometr�a','1','2');
Insert into INVESTIGACION.UZITSUNEAKNO (UZITSUNEAKNO_CODE,UZITSUNEAKNO_NAME,UZITSUNEAKNO_STATE,UZITUNESAKNO_CODE) values ('3','Astronom�a','1','3');
Insert into INVESTIGACION.UZITSUNEAKNO (UZITSUNEAKNO_CODE,UZITSUNEAKNO_NAME,UZITSUNEAKNO_STATE,UZITUNESAKNO_CODE) values ('4','Astrof�sica','1','3');
Insert into INVESTIGACION.UZITSUNEAKNO (UZITSUNEAKNO_CODE,UZITSUNEAKNO_NAME,UZITSUNEAKNO_STATE,UZITUNESAKNO_CODE) values ('5','F�sica Analitica','1','4');
REM INSERTING into INVESTIGACION.UZITUNESAKNO
SET DEFINE OFF;
Insert into INVESTIGACION.UZITUNESAKNO (UZITUNESAKNO_CODE,UZITUNESAKNO_NAME,UZITUNESAKNO_STATE) values ('1','L�gica','1');
Insert into INVESTIGACION.UZITUNESAKNO (UZITUNESAKNO_CODE,UZITUNESAKNO_NAME,UZITUNESAKNO_STATE) values ('2','Matem�ticas','1');
Insert into INVESTIGACION.UZITUNESAKNO (UZITUNESAKNO_CODE,UZITUNESAKNO_NAME,UZITUNESAKNO_STATE) values ('3','Astronom�a y astrof�sica','1');
Insert into INVESTIGACION.UZITUNESAKNO (UZITUNESAKNO_CODE,UZITUNESAKNO_NAME,UZITUNESAKNO_STATE) values ('4','F�sica','1');
REM INSERTING into INVESTIGACION.UZITUSER
SET DEFINE OFF;
Insert into INVESTIGACION.UZITUSER (UZITUSER_CODE,UZITUSER_APPRO_PROJ,UZITUSER_BIRTH_DATE,UZITUSER_CREA_DATE,UZITUSER_DISAPPRO_PROJ,UZITUSER_EMAIL,UZITUSER_LASTNAME,UZITUSER_LOGIN,UZITUSER_NAME,UZITUSER_PASSWORD,UZITUSER_PEND_PROJ,UZITUSER_STATE,UZITUSER_USERNAME) values ('1','0',to_date('28/02/1996','DD/MM/RRRR'),to_date('20/02/2020','DD/MM/RRRR'),'0','amolalla@espe.edu.ec','Olalla','1','Marcelo','$2a$10$HABU6SsZYyFGw2kZ6Qsy7eNoB/PK7zm6y7Dng9aRdaeB.trrdA2yK','1','1','admin');
Insert into INVESTIGACION.UZITUSER (UZITUSER_CODE,UZITUSER_APPRO_PROJ,UZITUSER_BIRTH_DATE,UZITUSER_CREA_DATE,UZITUSER_DISAPPRO_PROJ,UZITUSER_EMAIL,UZITUSER_LASTNAME,UZITUSER_LOGIN,UZITUSER_NAME,UZITUSER_PASSWORD,UZITUSER_PEND_PROJ,UZITUSER_STATE,UZITUSER_USERNAME) values ('2','0',to_date('09/04/1987','DD/MM/RRRR'),to_date('10/03/2020','DD/MM/RRRR'),'0','ag@espe.edu.ec','Guzman','1','Andres','$2a$10$58pdtmYmNS2uastowVOF0eq3yHyrLbfar4p6Id0SRdgLwSaK2c0QG','1','1','andres');
Insert into INVESTIGACION.UZITUSER (UZITUSER_CODE,UZITUSER_APPRO_PROJ,UZITUSER_BIRTH_DATE,UZITUSER_CREA_DATE,UZITUSER_DISAPPRO_PROJ,UZITUSER_EMAIL,UZITUSER_LASTNAME,UZITUSER_LOGIN,UZITUSER_NAME,UZITUSER_PASSWORD,UZITUSER_PEND_PROJ,UZITUSER_STATE,UZITUSER_USERNAME) values ('3','0',to_date('09/02/1997','DD/MM/RRRR'),to_date('25/09/2020','DD/MM/RRRR'),'0','csrojas@espe.edu.ec','Rojas','1','Christopher Santiago','$2a$10$GEPJLKzLOjg6tF0pZL0C0ubv5IsEs1V7MW2mkWnYI4rx0Tnd60CiC','1','1','csrojas');
REM INSERTING into INVESTIGACION.UZITUSEROLE
SET DEFINE OFF;
Insert into INVESTIGACION.UZITUSEROLE (UZITUSER_CODE,UZITROLE_CODE) values ('1','1');
Insert into INVESTIGACION.UZITUSEROLE (UZITUSER_CODE,UZITROLE_CODE) values ('1','2');
Insert into INVESTIGACION.UZITUSEROLE (UZITUSER_CODE,UZITROLE_CODE) values ('2','2');
Insert into INVESTIGACION.UZITUSEROLE (UZITUSER_CODE,UZITROLE_CODE) values ('2','3');
Insert into INVESTIGACION.UZITUSEROLE (UZITUSER_CODE,UZITROLE_CODE) values ('3','1');
Insert into INVESTIGACION.UZITUSEROLE (UZITUSER_CODE,UZITROLE_CODE) values ('3','2');
Insert into INVESTIGACION.UZITUSEROLE (UZITUSER_CODE,UZITROLE_CODE) values ('3','3');
Insert into INVESTIGACION.UZITUSEROLE (UZITUSER_CODE,UZITROLE_CODE) values ('3','4');
Insert into INVESTIGACION.UZITUSEROLE (UZITUSER_CODE,UZITROLE_CODE) values ('3','5');
Insert into INVESTIGACION.UZITUSEROLE (UZITUSER_CODE,UZITROLE_CODE) values ('3','6');
--------------------------------------------------------
--  DDL for Index UK_UZITAMPLAKNO_NAME
--------------------------------------------------------

  CREATE UNIQUE INDEX "INVESTIGACION"."UK_UZITAMPLAKNO_NAME" ON "INVESTIGACION"."UZITAMPLAKNO" ("UZITAMPLAKNO_NAME") 
  PCTFREE 10 INITRANS 2 MAXTRANS 255 COMPUTE STATISTICS 
  STORAGE(INITIAL 65536 NEXT 1048576 MINEXTENTS 1 MAXEXTENTS 2147483645
  PCTINCREASE 0 FREELISTS 1 FREELIST GROUPS 1
  BUFFER_POOL DEFAULT FLASH_CACHE DEFAULT CELL_FLASH_CACHE DEFAULT)
  TABLESPACE "USERS" ;
--------------------------------------------------------
--  DDL for Index UK_UZITAREA_NAME
--------------------------------------------------------

  CREATE UNIQUE INDEX "INVESTIGACION"."UK_UZITAREA_NAME" ON "INVESTIGACION"."UZITAREA" ("UZITAREA_NAME") 
  PCTFREE 10 INITRANS 2 MAXTRANS 255 COMPUTE STATISTICS 
  STORAGE(INITIAL 65536 NEXT 1048576 MINEXTENTS 1 MAXEXTENTS 2147483645
  PCTINCREASE 0 FREELISTS 1 FREELIST GROUPS 1
  BUFFER_POOL DEFAULT FLASH_CACHE DEFAULT CELL_FLASH_CACHE DEFAULT)
  TABLESPACE "USERS" ;
--------------------------------------------------------
--  DDL for Index UK_UZITBIBLIO_TITLE
--------------------------------------------------------

  CREATE UNIQUE INDEX "INVESTIGACION"."UK_UZITBIBLIO_TITLE" ON "INVESTIGACION"."UZITBIBLIO" ("UZITBIBLIO_TITLE") 
  PCTFREE 10 INITRANS 2 MAXTRANS 255 COMPUTE STATISTICS 
  TABLESPACE "USERS" ;
--------------------------------------------------------
--  DDL for Index UK_UZITCALL
--------------------------------------------------------

  CREATE UNIQUE INDEX "INVESTIGACION"."UK_UZITCALL" ON "INVESTIGACION"."UZITCALL" ("UZITCALL_NAME") 
  PCTFREE 10 INITRANS 2 MAXTRANS 255 COMPUTE STATISTICS 
  STORAGE(INITIAL 65536 NEXT 1048576 MINEXTENTS 1 MAXEXTENTS 2147483645
  PCTINCREASE 0 FREELISTS 1 FREELIST GROUPS 1
  BUFFER_POOL DEFAULT FLASH_CACHE DEFAULT CELL_FLASH_CACHE DEFAULT)
  TABLESPACE "USERS" ;
--------------------------------------------------------
--  DDL for Index UK_UZITCALLAREA
--------------------------------------------------------

  CREATE UNIQUE INDEX "INVESTIGACION"."UK_UZITCALLAREA" ON "INVESTIGACION"."UZITCALLAREA" ("UZITAREA_CODE", "UZITCALL_CODE") 
  PCTFREE 10 INITRANS 2 MAXTRANS 255 COMPUTE STATISTICS 
  STORAGE(INITIAL 65536 NEXT 1048576 MINEXTENTS 1 MAXEXTENTS 2147483645
  PCTINCREASE 0 FREELISTS 1 FREELIST GROUPS 1
  BUFFER_POOL DEFAULT FLASH_CACHE DEFAULT CELL_FLASH_CACHE DEFAULT)
  TABLESPACE "USERS" ;
--------------------------------------------------------
--  DDL for Index UK_UZITCALLAR_NAME
--------------------------------------------------------

  CREATE UNIQUE INDEX "INVESTIGACION"."UK_UZITCALLAR_NAME" ON "INVESTIGACION"."UZITCALLAR" ("UZITCALLAR_NAME") 
  PCTFREE 10 INITRANS 2 MAXTRANS 255 COMPUTE STATISTICS 
  STORAGE(INITIAL 65536 NEXT 1048576 MINEXTENTS 1 MAXEXTENTS 2147483645
  PCTINCREASE 0 FREELISTS 1 FREELIST GROUPS 1
  BUFFER_POOL DEFAULT FLASH_CACHE DEFAULT CELL_FLASH_CACHE DEFAULT)
  TABLESPACE "USERS" ;
--------------------------------------------------------
--  DDL for Index UK_UZITCOLCAR_NAME
--------------------------------------------------------

  CREATE UNIQUE INDEX "INVESTIGACION"."UK_UZITCOLCAR_NAME" ON "INVESTIGACION"."UZITCOLCAR" ("UZITCOLCAR_NAME") 
  PCTFREE 10 INITRANS 2 MAXTRANS 255 COMPUTE STATISTICS 
  STORAGE(INITIAL 65536 NEXT 1048576 MINEXTENTS 1 MAXEXTENTS 2147483645
  PCTINCREASE 0 FREELISTS 1 FREELIST GROUPS 1
  BUFFER_POOL DEFAULT FLASH_CACHE DEFAULT CELL_FLASH_CACHE DEFAULT)
  TABLESPACE "USERS" ;
--------------------------------------------------------
--  DDL for Index UK_UZITCOLDEP_NAME
--------------------------------------------------------

  CREATE UNIQUE INDEX "INVESTIGACION"."UK_UZITCOLDEP_NAME" ON "INVESTIGACION"."UZITCOLDEP" ("UZITCOLDEP_NAME") 
  PCTFREE 10 INITRANS 2 MAXTRANS 255 COMPUTE STATISTICS 
  STORAGE(INITIAL 65536 NEXT 1048576 MINEXTENTS 1 MAXEXTENTS 2147483645
  PCTINCREASE 0 FREELISTS 1 FREELIST GROUPS 1
  BUFFER_POOL DEFAULT FLASH_CACHE DEFAULT CELL_FLASH_CACHE DEFAULT)
  TABLESPACE "USERS" ;
--------------------------------------------------------
--  DDL for Index UK_UZITCOVERTYP_NAME
--------------------------------------------------------

  CREATE UNIQUE INDEX "INVESTIGACION"."UK_UZITCOVERTYP_NAME" ON "INVESTIGACION"."UZITCOVERTYP" ("UZITCOVERTYP_NAME") 
  PCTFREE 10 INITRANS 2 MAXTRANS 255 COMPUTE STATISTICS 
  STORAGE(INITIAL 65536 NEXT 1048576 MINEXTENTS 1 MAXEXTENTS 2147483645
  PCTINCREASE 0 FREELISTS 1 FREELIST GROUPS 1
  BUFFER_POOL DEFAULT FLASH_CACHE DEFAULT CELL_FLASH_CACHE DEFAULT)
  TABLESPACE "USERS" ;
--------------------------------------------------------
--  DDL for Index UK_UZITDETAAKNO_NAME
--------------------------------------------------------

  CREATE UNIQUE INDEX "INVESTIGACION"."UK_UZITDETAAKNO_NAME" ON "INVESTIGACION"."UZITDETAAKNO" ("UZITDETAAKNO_NAME") 
  PCTFREE 10 INITRANS 2 MAXTRANS 255 COMPUTE STATISTICS 
  STORAGE(INITIAL 65536 NEXT 1048576 MINEXTENTS 1 MAXEXTENTS 2147483645
  PCTINCREASE 0 FREELISTS 1 FREELIST GROUPS 1
  BUFFER_POOL DEFAULT FLASH_CACHE DEFAULT CELL_FLASH_CACHE DEFAULT)
  TABLESPACE "USERS" ;
--------------------------------------------------------
--  DDL for Index UK_UZITECPARGO_NAME
--------------------------------------------------------

  CREATE UNIQUE INDEX "INVESTIGACION"."UK_UZITECPARGO_NAME" ON "INVESTIGACION"."UZITECPARGO" ("UZITECPARGO_NAME") 
  PCTFREE 10 INITRANS 2 MAXTRANS 255 COMPUTE STATISTICS 
  STORAGE(INITIAL 65536 NEXT 1048576 MINEXTENTS 1 MAXEXTENTS 2147483645
  PCTINCREASE 0 FREELISTS 1 FREELIST GROUPS 1
  BUFFER_POOL DEFAULT FLASH_CACHE DEFAULT CELL_FLASH_CACHE DEFAULT)
  TABLESPACE "USERS" ;
--------------------------------------------------------
--  DDL for Index UK_UZITESPEAKNO_NAME
--------------------------------------------------------

  CREATE UNIQUE INDEX "INVESTIGACION"."UK_UZITESPEAKNO_NAME" ON "INVESTIGACION"."UZITESPEAKNO" ("UZITESPEAKNO_NAME") 
  PCTFREE 10 INITRANS 2 MAXTRANS 255 COMPUTE STATISTICS 
  STORAGE(INITIAL 65536 NEXT 1048576 MINEXTENTS 1 MAXEXTENTS 2147483645
  PCTINCREASE 0 FREELISTS 1 FREELIST GROUPS 1
  BUFFER_POOL DEFAULT FLASH_CACHE DEFAULT CELL_FLASH_CACHE DEFAULT)
  TABLESPACE "USERS" ;
--------------------------------------------------------
--  DDL for Index UK_UZITGOALACTI_DELI
--------------------------------------------------------

  CREATE UNIQUE INDEX "INVESTIGACION"."UK_UZITGOALACTI_DELI" ON "INVESTIGACION"."UZITGOALACTI" ("UZITGOALACTI_DELI") 
  PCTFREE 10 INITRANS 2 MAXTRANS 255 COMPUTE STATISTICS 
  TABLESPACE "USERS" ;
--------------------------------------------------------
--  DDL for Index UK_UZITINSTINV_NAME
--------------------------------------------------------

  CREATE UNIQUE INDEX "INVESTIGACION"."UK_UZITINSTINV_NAME" ON "INVESTIGACION"."UZITINSTINV" ("UZITINSTINV_NAME") 
  PCTFREE 10 INITRANS 2 MAXTRANS 255 COMPUTE STATISTICS 
  STORAGE(INITIAL 65536 NEXT 1048576 MINEXTENTS 1 MAXEXTENTS 2147483645
  PCTINCREASE 0 FREELISTS 1 FREELIST GROUPS 1
  BUFFER_POOL DEFAULT FLASH_CACHE DEFAULT CELL_FLASH_CACHE DEFAULT)
  TABLESPACE "USERS" ;
--------------------------------------------------------
--  DDL for Index UK_UZITLINRES_NAME
--------------------------------------------------------

  CREATE UNIQUE INDEX "INVESTIGACION"."UK_UZITLINRES_NAME" ON "INVESTIGACION"."UZITLINRES" ("UZITLINRES_NAME") 
  PCTFREE 10 INITRANS 2 MAXTRANS 255 COMPUTE STATISTICS 
  STORAGE(INITIAL 65536 NEXT 1048576 MINEXTENTS 1 MAXEXTENTS 2147483645
  PCTINCREASE 0 FREELISTS 1 FREELIST GROUPS 1
  BUFFER_POOL DEFAULT FLASH_CACHE DEFAULT CELL_FLASH_CACHE DEFAULT)
  TABLESPACE "USERS" ;
--------------------------------------------------------
--  DDL for Index UK_UZITMENU
--------------------------------------------------------

  CREATE UNIQUE INDEX "INVESTIGACION"."UK_UZITMENU" ON "INVESTIGACION"."UZITMENU" ("UZITMENU_IDENTIFIER", "UZITMENU_NAME") 
  PCTFREE 10 INITRANS 2 MAXTRANS 255 COMPUTE STATISTICS 
  STORAGE(INITIAL 65536 NEXT 1048576 MINEXTENTS 1 MAXEXTENTS 2147483645
  PCTINCREASE 0 FREELISTS 1 FREELIST GROUPS 1
  BUFFER_POOL DEFAULT FLASH_CACHE DEFAULT CELL_FLASH_CACHE DEFAULT)
  TABLESPACE "USERS" ;
--------------------------------------------------------
--  DDL for Index UK_UZITPOSPRO_NAME
--------------------------------------------------------

  CREATE UNIQUE INDEX "INVESTIGACION"."UK_UZITPOSPRO_NAME" ON "INVESTIGACION"."UZITPOSPRO" ("UZITPOSPRO_NAME") 
  PCTFREE 10 INITRANS 2 MAXTRANS 255 COMPUTE STATISTICS 
  STORAGE(INITIAL 65536 NEXT 1048576 MINEXTENTS 1 MAXEXTENTS 2147483645
  PCTINCREASE 0 FREELISTS 1 FREELIST GROUPS 1
  BUFFER_POOL DEFAULT FLASH_CACHE DEFAULT CELL_FLASH_CACHE DEFAULT)
  TABLESPACE "USERS" ;
--------------------------------------------------------
--  DDL for Index UK_UZITPROGRA_NAME
--------------------------------------------------------

  CREATE UNIQUE INDEX "INVESTIGACION"."UK_UZITPROGRA_NAME" ON "INVESTIGACION"."UZITPROGRA" ("UZITPROGRA_NAME") 
  PCTFREE 10 INITRANS 2 MAXTRANS 255 COMPUTE STATISTICS 
  STORAGE(INITIAL 65536 NEXT 1048576 MINEXTENTS 1 MAXEXTENTS 2147483645
  PCTINCREASE 0 FREELISTS 1 FREELIST GROUPS 1
  BUFFER_POOL DEFAULT FLASH_CACHE DEFAULT CELL_FLASH_CACHE DEFAULT)
  TABLESPACE "USERS" ;
--------------------------------------------------------
--  DDL for Index UK_UZITPROJEC
--------------------------------------------------------

  CREATE UNIQUE INDEX "INVESTIGACION"."UK_UZITPROJEC" ON "INVESTIGACION"."UZITPROJEC" ("UZITPROJEC_NAME_SPANISH", "UZITPROJEC_NAME_ENGLISH") 
  PCTFREE 10 INITRANS 2 MAXTRANS 255 COMPUTE STATISTICS 
  TABLESPACE "USERS" ;
--------------------------------------------------------
--  DDL for Index UK_UZITPROJINST
--------------------------------------------------------

  CREATE UNIQUE INDEX "INVESTIGACION"."UK_UZITPROJINST" ON "INVESTIGACION"."UZITPROJINST" ("UZITPROJEC_CODE", "UZITINSTINV_CODE") 
  PCTFREE 10 INITRANS 2 MAXTRANS 255 COMPUTE STATISTICS 
  TABLESPACE "USERS" ;
--------------------------------------------------------
--  DDL for Index UK_UZITPROJPOLI
--------------------------------------------------------

  CREATE UNIQUE INDEX "INVESTIGACION"."UK_UZITPROJPOLI" ON "INVESTIGACION"."UZITPROJPOLI" ("UZITPROJEC_CODE", "UZITPOLICYPL_CODE") 
  PCTFREE 10 INITRANS 2 MAXTRANS 255 COMPUTE STATISTICS 
  TABLESPACE "USERS" ;
--------------------------------------------------------
--  DDL for Index UK_UZITPROMEM_NAME
--------------------------------------------------------

  CREATE UNIQUE INDEX "INVESTIGACION"."UK_UZITPROMEM_NAME" ON "INVESTIGACION"."UZITPROMEM" ("UZITPROMEM_NAME") 
  PCTFREE 10 INITRANS 2 MAXTRANS 255 COMPUTE STATISTICS 
  STORAGE(INITIAL 65536 NEXT 1048576 MINEXTENTS 1 MAXEXTENTS 2147483645
  PCTINCREASE 0 FREELISTS 1 FREELIST GROUPS 1
  BUFFER_POOL DEFAULT FLASH_CACHE DEFAULT CELL_FLASH_CACHE DEFAULT)
  TABLESPACE "USERS" ;
--------------------------------------------------------
--  DDL for Index UK_UZITPRORESTY_NAME
--------------------------------------------------------

  CREATE UNIQUE INDEX "INVESTIGACION"."UK_UZITPRORESTY_NAME" ON "INVESTIGACION"."UZITPRORESTY" ("UZITPRORESTY_NAME") 
  PCTFREE 10 INITRANS 2 MAXTRANS 255 COMPUTE STATISTICS 
  STORAGE(INITIAL 65536 NEXT 1048576 MINEXTENTS 1 MAXEXTENTS 2147483645
  PCTINCREASE 0 FREELISTS 1 FREELIST GROUPS 1
  BUFFER_POOL DEFAULT FLASH_CACHE DEFAULT CELL_FLASH_CACHE DEFAULT)
  TABLESPACE "USERS" ;
--------------------------------------------------------
--  DDL for Index UK_UZITPROSTA_NAME
--------------------------------------------------------

  CREATE UNIQUE INDEX "INVESTIGACION"."UK_UZITPROSTA_NAME" ON "INVESTIGACION"."UZITPROSTA" ("UZITPROSTA_NAME") 
  PCTFREE 10 INITRANS 2 MAXTRANS 255 COMPUTE STATISTICS 
  STORAGE(INITIAL 65536 NEXT 1048576 MINEXTENTS 1 MAXEXTENTS 2147483645
  PCTINCREASE 0 FREELISTS 1 FREELIST GROUPS 1
  BUFFER_POOL DEFAULT FLASH_CACHE DEFAULT CELL_FLASH_CACHE DEFAULT)
  TABLESPACE "USERS" ;
--------------------------------------------------------
--  DDL for Index UK_UZITPROSTSER_NAME
--------------------------------------------------------

  CREATE UNIQUE INDEX "INVESTIGACION"."UK_UZITPROSTSER_NAME" ON "INVESTIGACION"."UZITPROSTSER" ("UZITPROSTSER_NAME") 
  PCTFREE 10 INITRANS 2 MAXTRANS 255 COMPUTE STATISTICS 
  TABLESPACE "USERS" ;
--------------------------------------------------------
--  DDL for Index UK_UZITPROTY_NAME
--------------------------------------------------------

  CREATE UNIQUE INDEX "INVESTIGACION"."UK_UZITPROTY_NAME" ON "INVESTIGACION"."UZITPROTY" ("UZITPROTY_NAME") 
  PCTFREE 10 INITRANS 2 MAXTRANS 255 COMPUTE STATISTICS 
  STORAGE(INITIAL 65536 NEXT 1048576 MINEXTENTS 1 MAXEXTENTS 2147483645
  PCTINCREASE 0 FREELISTS 1 FREELIST GROUPS 1
  BUFFER_POOL DEFAULT FLASH_CACHE DEFAULT CELL_FLASH_CACHE DEFAULT)
  TABLESPACE "USERS" ;
--------------------------------------------------------
--  DDL for Index UK_UZITREQ_NAME
--------------------------------------------------------

  CREATE UNIQUE INDEX "INVESTIGACION"."UK_UZITREQ_NAME" ON "INVESTIGACION"."UZITREQ" ("UZITREQ_NAME") 
  PCTFREE 10 INITRANS 2 MAXTRANS 255 COMPUTE STATISTICS 
  STORAGE(INITIAL 65536 NEXT 1048576 MINEXTENTS 1 MAXEXTENTS 2147483645
  PCTINCREASE 0 FREELISTS 1 FREELIST GROUPS 1
  BUFFER_POOL DEFAULT FLASH_CACHE DEFAULT CELL_FLASH_CACHE DEFAULT)
  TABLESPACE "USERS" ;
--------------------------------------------------------
--  DDL for Index UK_UZITRESGRO_NAME
--------------------------------------------------------

  CREATE UNIQUE INDEX "INVESTIGACION"."UK_UZITRESGRO_NAME" ON "INVESTIGACION"."UZITRESGRO" ("UZITRESGRO_NAME") 
  PCTFREE 10 INITRANS 2 MAXTRANS 255 COMPUTE STATISTICS 
  STORAGE(INITIAL 65536 NEXT 1048576 MINEXTENTS 1 MAXEXTENTS 2147483645
  PCTINCREASE 0 FREELISTS 1 FREELIST GROUPS 1
  BUFFER_POOL DEFAULT FLASH_CACHE DEFAULT CELL_FLASH_CACHE DEFAULT)
  TABLESPACE "USERS" ;
--------------------------------------------------------
--  DDL for Index UK_UZITRESTYP_NAME
--------------------------------------------------------

  CREATE UNIQUE INDEX "INVESTIGACION"."UK_UZITRESTYP_NAME" ON "INVESTIGACION"."UZITRESTYP" ("UZITRESTYP_NAME") 
  PCTFREE 10 INITRANS 2 MAXTRANS 255 COMPUTE STATISTICS 
  STORAGE(INITIAL 65536 NEXT 1048576 MINEXTENTS 1 MAXEXTENTS 2147483645
  PCTINCREASE 0 FREELISTS 1 FREELIST GROUPS 1
  BUFFER_POOL DEFAULT FLASH_CACHE DEFAULT CELL_FLASH_CACHE DEFAULT)
  TABLESPACE "USERS" ;
--------------------------------------------------------
--  DDL for Index UK_UZITROLEROUTE
--------------------------------------------------------

  CREATE UNIQUE INDEX "INVESTIGACION"."UK_UZITROLEROUTE" ON "INVESTIGACION"."UZITROLEROUTE" ("UZITROLE_CODE", "UZITROUTE_CODE") 
  PCTFREE 10 INITRANS 2 MAXTRANS 255 COMPUTE STATISTICS 
  STORAGE(INITIAL 65536 NEXT 1048576 MINEXTENTS 1 MAXEXTENTS 2147483645
  PCTINCREASE 0 FREELISTS 1 FREELIST GROUPS 1
  BUFFER_POOL DEFAULT FLASH_CACHE DEFAULT CELL_FLASH_CACHE DEFAULT)
  TABLESPACE "USERS" ;
--------------------------------------------------------
--  DDL for Index UK_UZITROLE_ROLENAM
--------------------------------------------------------

  CREATE UNIQUE INDEX "INVESTIGACION"."UK_UZITROLE_ROLENAM" ON "INVESTIGACION"."UZITROLE" ("UZITROLE_ROLENAM") 
  PCTFREE 10 INITRANS 2 MAXTRANS 255 COMPUTE STATISTICS 
  STORAGE(INITIAL 65536 NEXT 1048576 MINEXTENTS 1 MAXEXTENTS 2147483645
  PCTINCREASE 0 FREELISTS 1 FREELIST GROUPS 1
  BUFFER_POOL DEFAULT FLASH_CACHE DEFAULT CELL_FLASH_CACHE DEFAULT)
  TABLESPACE "USERS" ;
--------------------------------------------------------
--  DDL for Index UK_UZITROUTE_NAME
--------------------------------------------------------

  CREATE UNIQUE INDEX "INVESTIGACION"."UK_UZITROUTE_NAME" ON "INVESTIGACION"."UZITROUTE" ("UZITROUTE_NAME") 
  PCTFREE 10 INITRANS 2 MAXTRANS 255 COMPUTE STATISTICS 
  STORAGE(INITIAL 65536 NEXT 1048576 MINEXTENTS 1 MAXEXTENTS 2147483645
  PCTINCREASE 0 FREELISTS 1 FREELIST GROUPS 1
  BUFFER_POOL DEFAULT FLASH_CACHE DEFAULT CELL_FLASH_CACHE DEFAULT)
  TABLESPACE "USERS" ;
--------------------------------------------------------
--  DDL for Index UK_UZITSCIDIS_NAME
--------------------------------------------------------

  CREATE UNIQUE INDEX "INVESTIGACION"."UK_UZITSCIDIS_NAME" ON "INVESTIGACION"."UZITSCIDIS" ("UZITSCIDIS_NAME") 
  PCTFREE 10 INITRANS 2 MAXTRANS 255 COMPUTE STATISTICS 
  STORAGE(INITIAL 65536 NEXT 1048576 MINEXTENTS 1 MAXEXTENTS 2147483645
  PCTINCREASE 0 FREELISTS 1 FREELIST GROUPS 1
  BUFFER_POOL DEFAULT FLASH_CACHE DEFAULT CELL_FLASH_CACHE DEFAULT)
  TABLESPACE "USERS" ;
--------------------------------------------------------
--  DDL for Index UK_UZITSUNEAKNO_NAME
--------------------------------------------------------

  CREATE UNIQUE INDEX "INVESTIGACION"."UK_UZITSUNEAKNO_NAME" ON "INVESTIGACION"."UZITSUNEAKNO" ("UZITSUNEAKNO_NAME") 
  PCTFREE 10 INITRANS 2 MAXTRANS 255 COMPUTE STATISTICS 
  STORAGE(INITIAL 65536 NEXT 1048576 MINEXTENTS 1 MAXEXTENTS 2147483645
  PCTINCREASE 0 FREELISTS 1 FREELIST GROUPS 1
  BUFFER_POOL DEFAULT FLASH_CACHE DEFAULT CELL_FLASH_CACHE DEFAULT)
  TABLESPACE "USERS" ;
--------------------------------------------------------
--  DDL for Index UK_UZITUNESAKNO_NAME
--------------------------------------------------------

  CREATE UNIQUE INDEX "INVESTIGACION"."UK_UZITUNESAKNO_NAME" ON "INVESTIGACION"."UZITUNESAKNO" ("UZITUNESAKNO_NAME") 
  PCTFREE 10 INITRANS 2 MAXTRANS 255 COMPUTE STATISTICS 
  STORAGE(INITIAL 65536 NEXT 1048576 MINEXTENTS 1 MAXEXTENTS 2147483645
  PCTINCREASE 0 FREELISTS 1 FREELIST GROUPS 1
  BUFFER_POOL DEFAULT FLASH_CACHE DEFAULT CELL_FLASH_CACHE DEFAULT)
  TABLESPACE "USERS" ;
--------------------------------------------------------
--  DDL for Index UK_UZITUSER
--------------------------------------------------------

  CREATE UNIQUE INDEX "INVESTIGACION"."UK_UZITUSER" ON "INVESTIGACION"."UZITUSER" ("UZITUSER_EMAIL", "UZITUSER_USERNAME") 
  PCTFREE 10 INITRANS 2 MAXTRANS 255 COMPUTE STATISTICS 
  STORAGE(INITIAL 65536 NEXT 1048576 MINEXTENTS 1 MAXEXTENTS 2147483645
  PCTINCREASE 0 FREELISTS 1 FREELIST GROUPS 1
  BUFFER_POOL DEFAULT FLASH_CACHE DEFAULT CELL_FLASH_CACHE DEFAULT)
  TABLESPACE "USERS" ;
--------------------------------------------------------
--  DDL for Index UK_UZITUSEROLE
--------------------------------------------------------

  CREATE UNIQUE INDEX "INVESTIGACION"."UK_UZITUSEROLE" ON "INVESTIGACION"."UZITUSEROLE" ("UZITUSER_CODE", "UZITROLE_CODE") 
  PCTFREE 10 INITRANS 2 MAXTRANS 255 COMPUTE STATISTICS 
  STORAGE(INITIAL 65536 NEXT 1048576 MINEXTENTS 1 MAXEXTENTS 2147483645
  PCTINCREASE 0 FREELISTS 1 FREELIST GROUPS 1
  BUFFER_POOL DEFAULT FLASH_CACHE DEFAULT CELL_FLASH_CACHE DEFAULT)
  TABLESPACE "USERS" ;
--------------------------------------------------------
--  Constraints for Table UZITDETAAKNO
--------------------------------------------------------

  ALTER TABLE "INVESTIGACION"."UZITDETAAKNO" ADD CONSTRAINT "UK_UZITDETAAKNO_NAME" UNIQUE ("UZITDETAAKNO_NAME")
  USING INDEX PCTFREE 10 INITRANS 2 MAXTRANS 255 COMPUTE STATISTICS 
  STORAGE(INITIAL 65536 NEXT 1048576 MINEXTENTS 1 MAXEXTENTS 2147483645
  PCTINCREASE 0 FREELISTS 1 FREELIST GROUPS 1
  BUFFER_POOL DEFAULT FLASH_CACHE DEFAULT CELL_FLASH_CACHE DEFAULT)
  TABLESPACE "USERS"  ENABLE;
  ALTER TABLE "INVESTIGACION"."UZITDETAAKNO" MODIFY ("UZITDETAAKNO_CODE" NOT NULL ENABLE);
  ALTER TABLE "INVESTIGACION"."UZITDETAAKNO" MODIFY ("UZITDETAAKNO_NAME" NOT NULL ENABLE);
  ALTER TABLE "INVESTIGACION"."UZITDETAAKNO" MODIFY ("UZITDETAAKNO_STATE" NOT NULL ENABLE);
  ALTER TABLE "INVESTIGACION"."UZITDETAAKNO" ADD PRIMARY KEY ("UZITDETAAKNO_CODE")
  USING INDEX PCTFREE 10 INITRANS 2 MAXTRANS 255 
  STORAGE(INITIAL 65536 NEXT 1048576 MINEXTENTS 1 MAXEXTENTS 2147483645
  PCTINCREASE 0 FREELISTS 1 FREELIST GROUPS 1
  BUFFER_POOL DEFAULT FLASH_CACHE DEFAULT CELL_FLASH_CACHE DEFAULT)
  TABLESPACE "USERS"  ENABLE;
--------------------------------------------------------
--  Constraints for Table UZITROLE
--------------------------------------------------------

  ALTER TABLE "INVESTIGACION"."UZITROLE" ADD CONSTRAINT "UK_UZITROLE_ROLENAM" UNIQUE ("UZITROLE_ROLENAM")
  USING INDEX PCTFREE 10 INITRANS 2 MAXTRANS 255 COMPUTE STATISTICS 
  STORAGE(INITIAL 65536 NEXT 1048576 MINEXTENTS 1 MAXEXTENTS 2147483645
  PCTINCREASE 0 FREELISTS 1 FREELIST GROUPS 1
  BUFFER_POOL DEFAULT FLASH_CACHE DEFAULT CELL_FLASH_CACHE DEFAULT)
  TABLESPACE "USERS"  ENABLE;
  ALTER TABLE "INVESTIGACION"."UZITROLE" MODIFY ("UZITROLE_CODE" NOT NULL ENABLE);
  ALTER TABLE "INVESTIGACION"."UZITROLE" MODIFY ("UZITROLE_NAME" NOT NULL ENABLE);
  ALTER TABLE "INVESTIGACION"."UZITROLE" MODIFY ("UZITROLE_ROLENAM" NOT NULL ENABLE);
  ALTER TABLE "INVESTIGACION"."UZITROLE" ADD PRIMARY KEY ("UZITROLE_CODE")
  USING INDEX PCTFREE 10 INITRANS 2 MAXTRANS 255 
  STORAGE(INITIAL 65536 NEXT 1048576 MINEXTENTS 1 MAXEXTENTS 2147483645
  PCTINCREASE 0 FREELISTS 1 FREELIST GROUPS 1
  BUFFER_POOL DEFAULT FLASH_CACHE DEFAULT CELL_FLASH_CACHE DEFAULT)
  TABLESPACE "USERS"  ENABLE;
--------------------------------------------------------
--  Constraints for Table UZITCOLDEP
--------------------------------------------------------

  ALTER TABLE "INVESTIGACION"."UZITCOLDEP" ADD CONSTRAINT "UK_UZITCOLDEP_NAME" UNIQUE ("UZITCOLDEP_NAME")
  USING INDEX PCTFREE 10 INITRANS 2 MAXTRANS 255 COMPUTE STATISTICS 
  STORAGE(INITIAL 65536 NEXT 1048576 MINEXTENTS 1 MAXEXTENTS 2147483645
  PCTINCREASE 0 FREELISTS 1 FREELIST GROUPS 1
  BUFFER_POOL DEFAULT FLASH_CACHE DEFAULT CELL_FLASH_CACHE DEFAULT)
  TABLESPACE "USERS"  ENABLE;
  ALTER TABLE "INVESTIGACION"."UZITCOLDEP" MODIFY ("UZITCOLDEP_CODE" NOT NULL ENABLE);
  ALTER TABLE "INVESTIGACION"."UZITCOLDEP" MODIFY ("UZITCOLDEP_NAME" NOT NULL ENABLE);
  ALTER TABLE "INVESTIGACION"."UZITCOLDEP" MODIFY ("UZITCOLDEP_STATE" NOT NULL ENABLE);
  ALTER TABLE "INVESTIGACION"."UZITCOLDEP" ADD PRIMARY KEY ("UZITCOLDEP_CODE")
  USING INDEX PCTFREE 10 INITRANS 2 MAXTRANS 255 
  STORAGE(INITIAL 65536 NEXT 1048576 MINEXTENTS 1 MAXEXTENTS 2147483645
  PCTINCREASE 0 FREELISTS 1 FREELIST GROUPS 1
  BUFFER_POOL DEFAULT FLASH_CACHE DEFAULT CELL_FLASH_CACHE DEFAULT)
  TABLESPACE "USERS"  ENABLE;
--------------------------------------------------------
--  Constraints for Table UZITRESTYP
--------------------------------------------------------

  ALTER TABLE "INVESTIGACION"."UZITRESTYP" ADD CONSTRAINT "UK_UZITRESTYP_NAME" UNIQUE ("UZITRESTYP_NAME")
  USING INDEX PCTFREE 10 INITRANS 2 MAXTRANS 255 COMPUTE STATISTICS 
  STORAGE(INITIAL 65536 NEXT 1048576 MINEXTENTS 1 MAXEXTENTS 2147483645
  PCTINCREASE 0 FREELISTS 1 FREELIST GROUPS 1
  BUFFER_POOL DEFAULT FLASH_CACHE DEFAULT CELL_FLASH_CACHE DEFAULT)
  TABLESPACE "USERS"  ENABLE;
  ALTER TABLE "INVESTIGACION"."UZITRESTYP" MODIFY ("UZITRESTYP_CODE" NOT NULL ENABLE);
  ALTER TABLE "INVESTIGACION"."UZITRESTYP" MODIFY ("UZITRESTYP_NAME" NOT NULL ENABLE);
  ALTER TABLE "INVESTIGACION"."UZITRESTYP" MODIFY ("UZITRESTYP_STATE" NOT NULL ENABLE);
  ALTER TABLE "INVESTIGACION"."UZITRESTYP" ADD PRIMARY KEY ("UZITRESTYP_CODE")
  USING INDEX PCTFREE 10 INITRANS 2 MAXTRANS 255 
  STORAGE(INITIAL 65536 NEXT 1048576 MINEXTENTS 1 MAXEXTENTS 2147483645
  PCTINCREASE 0 FREELISTS 1 FREELIST GROUPS 1
  BUFFER_POOL DEFAULT FLASH_CACHE DEFAULT CELL_FLASH_CACHE DEFAULT)
  TABLESPACE "USERS"  ENABLE;
--------------------------------------------------------
--  Constraints for Table UZITESPEAKNO
--------------------------------------------------------

  ALTER TABLE "INVESTIGACION"."UZITESPEAKNO" ADD CONSTRAINT "UK_UZITESPEAKNO_NAME" UNIQUE ("UZITESPEAKNO_NAME")
  USING INDEX PCTFREE 10 INITRANS 2 MAXTRANS 255 COMPUTE STATISTICS 
  STORAGE(INITIAL 65536 NEXT 1048576 MINEXTENTS 1 MAXEXTENTS 2147483645
  PCTINCREASE 0 FREELISTS 1 FREELIST GROUPS 1
  BUFFER_POOL DEFAULT FLASH_CACHE DEFAULT CELL_FLASH_CACHE DEFAULT)
  TABLESPACE "USERS"  ENABLE;
  ALTER TABLE "INVESTIGACION"."UZITESPEAKNO" MODIFY ("UZITESPEAKNO_CODE" NOT NULL ENABLE);
  ALTER TABLE "INVESTIGACION"."UZITESPEAKNO" MODIFY ("UZITESPEAKNO_NAME" NOT NULL ENABLE);
  ALTER TABLE "INVESTIGACION"."UZITESPEAKNO" MODIFY ("UZITESPEAKNO_STATE" NOT NULL ENABLE);
  ALTER TABLE "INVESTIGACION"."UZITESPEAKNO" ADD PRIMARY KEY ("UZITESPEAKNO_CODE")
  USING INDEX PCTFREE 10 INITRANS 2 MAXTRANS 255 
  STORAGE(INITIAL 65536 NEXT 1048576 MINEXTENTS 1 MAXEXTENTS 2147483645
  PCTINCREASE 0 FREELISTS 1 FREELIST GROUPS 1
  BUFFER_POOL DEFAULT FLASH_CACHE DEFAULT CELL_FLASH_CACHE DEFAULT)
  TABLESPACE "USERS"  ENABLE;
--------------------------------------------------------
--  Constraints for Table UZITSUNEAKNO
--------------------------------------------------------

  ALTER TABLE "INVESTIGACION"."UZITSUNEAKNO" MODIFY ("UZITSUNEAKNO_CODE" NOT NULL ENABLE);
  ALTER TABLE "INVESTIGACION"."UZITSUNEAKNO" MODIFY ("UZITSUNEAKNO_NAME" NOT NULL ENABLE);
  ALTER TABLE "INVESTIGACION"."UZITSUNEAKNO" MODIFY ("UZITSUNEAKNO_STATE" NOT NULL ENABLE);
  ALTER TABLE "INVESTIGACION"."UZITSUNEAKNO" MODIFY ("UZITUNESAKNO_CODE" NOT NULL ENABLE);
  ALTER TABLE "INVESTIGACION"."UZITSUNEAKNO" ADD PRIMARY KEY ("UZITSUNEAKNO_CODE")
  USING INDEX PCTFREE 10 INITRANS 2 MAXTRANS 255 
  STORAGE(INITIAL 65536 NEXT 1048576 MINEXTENTS 1 MAXEXTENTS 2147483645
  PCTINCREASE 0 FREELISTS 1 FREELIST GROUPS 1
  BUFFER_POOL DEFAULT FLASH_CACHE DEFAULT CELL_FLASH_CACHE DEFAULT)
  TABLESPACE "USERS"  ENABLE;
  ALTER TABLE "INVESTIGACION"."UZITSUNEAKNO" ADD CONSTRAINT "UK_UZITSUNEAKNO_NAME" UNIQUE ("UZITSUNEAKNO_NAME")
  USING INDEX PCTFREE 10 INITRANS 2 MAXTRANS 255 COMPUTE STATISTICS 
  STORAGE(INITIAL 65536 NEXT 1048576 MINEXTENTS 1 MAXEXTENTS 2147483645
  PCTINCREASE 0 FREELISTS 1 FREELIST GROUPS 1
  BUFFER_POOL DEFAULT FLASH_CACHE DEFAULT CELL_FLASH_CACHE DEFAULT)
  TABLESPACE "USERS"  ENABLE;
--------------------------------------------------------
--  Constraints for Table UZITNOTIFI
--------------------------------------------------------

  ALTER TABLE "INVESTIGACION"."UZITNOTIFI" MODIFY ("UZITNOTIFI_CODE" NOT NULL ENABLE);
  ALTER TABLE "INVESTIGACION"."UZITNOTIFI" MODIFY ("UZITNOTIFI_DATE" NOT NULL ENABLE);
  ALTER TABLE "INVESTIGACION"."UZITNOTIFI" MODIFY ("UZITNOTIFI_DESCRIP" NOT NULL ENABLE);
  ALTER TABLE "INVESTIGACION"."UZITNOTIFI" MODIFY ("UZITNOTIFI_REC_STATE" NOT NULL ENABLE);
  ALTER TABLE "INVESTIGACION"."UZITNOTIFI" MODIFY ("UZITNOTIFI_TITLE" NOT NULL ENABLE);
  ALTER TABLE "INVESTIGACION"."UZITNOTIFI" ADD PRIMARY KEY ("UZITNOTIFI_CODE")
  USING INDEX PCTFREE 10 INITRANS 2 MAXTRANS 255 
  STORAGE(INITIAL 65536 NEXT 1048576 MINEXTENTS 1 MAXEXTENTS 2147483645
  PCTINCREASE 0 FREELISTS 1 FREELIST GROUPS 1
  BUFFER_POOL DEFAULT FLASH_CACHE DEFAULT CELL_FLASH_CACHE DEFAULT)
  TABLESPACE "USERS"  ENABLE;
--------------------------------------------------------
--  Constraints for Table UZITCOLCAR
--------------------------------------------------------

  ALTER TABLE "INVESTIGACION"."UZITCOLCAR" ADD CONSTRAINT "UK_UZITCOLCAR_NAME" UNIQUE ("UZITCOLCAR_NAME")
  USING INDEX PCTFREE 10 INITRANS 2 MAXTRANS 255 COMPUTE STATISTICS 
  STORAGE(INITIAL 65536 NEXT 1048576 MINEXTENTS 1 MAXEXTENTS 2147483645
  PCTINCREASE 0 FREELISTS 1 FREELIST GROUPS 1
  BUFFER_POOL DEFAULT FLASH_CACHE DEFAULT CELL_FLASH_CACHE DEFAULT)
  TABLESPACE "USERS"  ENABLE;
  ALTER TABLE "INVESTIGACION"."UZITCOLCAR" MODIFY ("UZITCOLCAR_CODE" NOT NULL ENABLE);
  ALTER TABLE "INVESTIGACION"."UZITCOLCAR" MODIFY ("UZITCOLCAR_NAME" NOT NULL ENABLE);
  ALTER TABLE "INVESTIGACION"."UZITCOLCAR" MODIFY ("UZITCOLCAR_STATE" NOT NULL ENABLE);
  ALTER TABLE "INVESTIGACION"."UZITCOLCAR" MODIFY ("UZITCOLDEP_CODE" NOT NULL ENABLE);
  ALTER TABLE "INVESTIGACION"."UZITCOLCAR" ADD PRIMARY KEY ("UZITCOLCAR_CODE")
  USING INDEX PCTFREE 10 INITRANS 2 MAXTRANS 255 
  STORAGE(INITIAL 65536 NEXT 1048576 MINEXTENTS 1 MAXEXTENTS 2147483645
  PCTINCREASE 0 FREELISTS 1 FREELIST GROUPS 1
  BUFFER_POOL DEFAULT FLASH_CACHE DEFAULT CELL_FLASH_CACHE DEFAULT)
  TABLESPACE "USERS"  ENABLE;
--------------------------------------------------------
--  Constraints for Table UZITPRORES
--------------------------------------------------------

  ALTER TABLE "INVESTIGACION"."UZITPRORES" MODIFY ("UZITPRORES_CODE" NOT NULL ENABLE);
  ALTER TABLE "INVESTIGACION"."UZITPRORES" MODIFY ("UZITPRORES_LASTNAME" NOT NULL ENABLE);
  ALTER TABLE "INVESTIGACION"."UZITPRORES" MODIFY ("UZITPRORES_NAME" NOT NULL ENABLE);
  ALTER TABLE "INVESTIGACION"."UZITPRORES" MODIFY ("UZITPRORES_STATE" NOT NULL ENABLE);
  ALTER TABLE "INVESTIGACION"."UZITPRORES" ADD PRIMARY KEY ("UZITPRORES_CODE")
  USING INDEX PCTFREE 10 INITRANS 2 MAXTRANS 255 
  TABLESPACE "USERS"  ENABLE;
--------------------------------------------------------
--  Constraints for Table UZITPROJPOLI
--------------------------------------------------------

  ALTER TABLE "INVESTIGACION"."UZITPROJPOLI" ADD CONSTRAINT "UK_UZITPROJPOLI" UNIQUE ("UZITPROJEC_CODE", "UZITPOLICYPL_CODE")
  USING INDEX PCTFREE 10 INITRANS 2 MAXTRANS 255 COMPUTE STATISTICS 
  TABLESPACE "USERS"  ENABLE;
  ALTER TABLE "INVESTIGACION"."UZITPROJPOLI" MODIFY ("UZITPROJEC_CODE" NOT NULL ENABLE);
  ALTER TABLE "INVESTIGACION"."UZITPROJPOLI" MODIFY ("UZITPOLICYPL_CODE" NOT NULL ENABLE);
--------------------------------------------------------
--  Constraints for Table UZITPROJINST
--------------------------------------------------------

  ALTER TABLE "INVESTIGACION"."UZITPROJINST" ADD CONSTRAINT "UK_UZITPROJINST" UNIQUE ("UZITPROJEC_CODE", "UZITINSTINV_CODE")
  USING INDEX PCTFREE 10 INITRANS 2 MAXTRANS 255 COMPUTE STATISTICS 
  TABLESPACE "USERS"  ENABLE;
  ALTER TABLE "INVESTIGACION"."UZITPROJINST" MODIFY ("UZITPROJEC_CODE" NOT NULL ENABLE);
  ALTER TABLE "INVESTIGACION"."UZITPROJINST" MODIFY ("UZITINSTINV_CODE" NOT NULL ENABLE);
--------------------------------------------------------
--  Constraints for Table UZITCALL
--------------------------------------------------------

  ALTER TABLE "INVESTIGACION"."UZITCALL" ADD CONSTRAINT "UK_UZITCALL" UNIQUE ("UZITCALL_NAME")
  USING INDEX PCTFREE 10 INITRANS 2 MAXTRANS 255 COMPUTE STATISTICS 
  STORAGE(INITIAL 65536 NEXT 1048576 MINEXTENTS 1 MAXEXTENTS 2147483645
  PCTINCREASE 0 FREELISTS 1 FREELIST GROUPS 1
  BUFFER_POOL DEFAULT FLASH_CACHE DEFAULT CELL_FLASH_CACHE DEFAULT)
  TABLESPACE "USERS"  ENABLE;
  ALTER TABLE "INVESTIGACION"."UZITCALL" MODIFY ("UZITCALL_CODE" NOT NULL ENABLE);
  ALTER TABLE "INVESTIGACION"."UZITCALL" MODIFY ("UZITCALL_END_DATE" NOT NULL ENABLE);
  ALTER TABLE "INVESTIGACION"."UZITCALL" MODIFY ("UZITCALL_START_DATE" NOT NULL ENABLE);
  ALTER TABLE "INVESTIGACION"."UZITCALL" MODIFY ("UZITCALL_DESCRIPTION" NOT NULL ENABLE);
  ALTER TABLE "INVESTIGACION"."UZITCALL" MODIFY ("UZITCALL_EXTENSION" NOT NULL ENABLE);
  ALTER TABLE "INVESTIGACION"."UZITCALL" MODIFY ("UZITCALL_FINAMOUNT" NOT NULL ENABLE);
  ALTER TABLE "INVESTIGACION"."UZITCALL" MODIFY ("UZITCALL_NAME" NOT NULL ENABLE);
  ALTER TABLE "INVESTIGACION"."UZITCALL" MODIFY ("UZITCALL_STATE" NOT NULL ENABLE);
  ALTER TABLE "INVESTIGACION"."UZITCALL" MODIFY ("UZITCALLAR_CODE" NOT NULL ENABLE);
  ALTER TABLE "INVESTIGACION"."UZITCALL" ADD PRIMARY KEY ("UZITCALL_CODE")
  USING INDEX PCTFREE 10 INITRANS 2 MAXTRANS 255 
  STORAGE(INITIAL 65536 NEXT 1048576 MINEXTENTS 1 MAXEXTENTS 2147483645
  PCTINCREASE 0 FREELISTS 1 FREELIST GROUPS 1
  BUFFER_POOL DEFAULT FLASH_CACHE DEFAULT CELL_FLASH_CACHE DEFAULT)
  TABLESPACE "USERS"  ENABLE;
--------------------------------------------------------
--  Constraints for Table UZITAREA
--------------------------------------------------------

  ALTER TABLE "INVESTIGACION"."UZITAREA" ADD CONSTRAINT "UK_UZITAREA_NAME" UNIQUE ("UZITAREA_NAME")
  USING INDEX PCTFREE 10 INITRANS 2 MAXTRANS 255 COMPUTE STATISTICS 
  STORAGE(INITIAL 65536 NEXT 1048576 MINEXTENTS 1 MAXEXTENTS 2147483645
  PCTINCREASE 0 FREELISTS 1 FREELIST GROUPS 1
  BUFFER_POOL DEFAULT FLASH_CACHE DEFAULT CELL_FLASH_CACHE DEFAULT)
  TABLESPACE "USERS"  ENABLE;
  ALTER TABLE "INVESTIGACION"."UZITAREA" MODIFY ("UZITAREA_CODE" NOT NULL ENABLE);
  ALTER TABLE "INVESTIGACION"."UZITAREA" MODIFY ("UZITAREA_NAME" NOT NULL ENABLE);
  ALTER TABLE "INVESTIGACION"."UZITAREA" MODIFY ("UZITAREA_STATE" NOT NULL ENABLE);
  ALTER TABLE "INVESTIGACION"."UZITAREA" ADD PRIMARY KEY ("UZITAREA_CODE")
  USING INDEX PCTFREE 10 INITRANS 2 MAXTRANS 255 
  STORAGE(INITIAL 65536 NEXT 1048576 MINEXTENTS 1 MAXEXTENTS 2147483645
  PCTINCREASE 0 FREELISTS 1 FREELIST GROUPS 1
  BUFFER_POOL DEFAULT FLASH_CACHE DEFAULT CELL_FLASH_CACHE DEFAULT)
  TABLESPACE "USERS"  ENABLE;
--------------------------------------------------------
--  Constraints for Table UZITMENU
--------------------------------------------------------

  ALTER TABLE "INVESTIGACION"."UZITMENU" ADD CONSTRAINT "UK_UZITMENU" UNIQUE ("UZITMENU_IDENTIFIER", "UZITMENU_NAME")
  USING INDEX PCTFREE 10 INITRANS 2 MAXTRANS 255 COMPUTE STATISTICS 
  STORAGE(INITIAL 65536 NEXT 1048576 MINEXTENTS 1 MAXEXTENTS 2147483645
  PCTINCREASE 0 FREELISTS 1 FREELIST GROUPS 1
  BUFFER_POOL DEFAULT FLASH_CACHE DEFAULT CELL_FLASH_CACHE DEFAULT)
  TABLESPACE "USERS"  ENABLE;
  ALTER TABLE "INVESTIGACION"."UZITMENU" MODIFY ("UZITMENU_CODE" NOT NULL ENABLE);
  ALTER TABLE "INVESTIGACION"."UZITMENU" MODIFY ("UZITMENU_ICON" NOT NULL ENABLE);
  ALTER TABLE "INVESTIGACION"."UZITMENU" MODIFY ("UZITMENU_IDENTIFIER" NOT NULL ENABLE);
  ALTER TABLE "INVESTIGACION"."UZITMENU" MODIFY ("UZITMENU_NAME" NOT NULL ENABLE);
  ALTER TABLE "INVESTIGACION"."UZITMENU" ADD PRIMARY KEY ("UZITMENU_CODE")
  USING INDEX PCTFREE 10 INITRANS 2 MAXTRANS 255 
  STORAGE(INITIAL 65536 NEXT 1048576 MINEXTENTS 1 MAXEXTENTS 2147483645
  PCTINCREASE 0 FREELISTS 1 FREELIST GROUPS 1
  BUFFER_POOL DEFAULT FLASH_CACHE DEFAULT CELL_FLASH_CACHE DEFAULT)
  TABLESPACE "USERS"  ENABLE;
--------------------------------------------------------
--  Constraints for Table UZITROUTE
--------------------------------------------------------

  ALTER TABLE "INVESTIGACION"."UZITROUTE" MODIFY ("UZITROUTE_CODE" NOT NULL ENABLE);
  ALTER TABLE "INVESTIGACION"."UZITROUTE" MODIFY ("UZITROUTE_ICON" NOT NULL ENABLE);
  ALTER TABLE "INVESTIGACION"."UZITROUTE" MODIFY ("UZITROUTE_NAME" NOT NULL ENABLE);
  ALTER TABLE "INVESTIGACION"."UZITROUTE" MODIFY ("UZITROUTE_TITLE" NOT NULL ENABLE);
  ALTER TABLE "INVESTIGACION"."UZITROUTE" ADD PRIMARY KEY ("UZITROUTE_CODE")
  USING INDEX PCTFREE 10 INITRANS 2 MAXTRANS 255 
  STORAGE(INITIAL 65536 NEXT 1048576 MINEXTENTS 1 MAXEXTENTS 2147483645
  PCTINCREASE 0 FREELISTS 1 FREELIST GROUPS 1
  BUFFER_POOL DEFAULT FLASH_CACHE DEFAULT CELL_FLASH_CACHE DEFAULT)
  TABLESPACE "USERS"  ENABLE;
  ALTER TABLE "INVESTIGACION"."UZITROUTE" ADD CONSTRAINT "UK_UZITROUTE_NAME" UNIQUE ("UZITROUTE_NAME")
  USING INDEX PCTFREE 10 INITRANS 2 MAXTRANS 255 COMPUTE STATISTICS 
  STORAGE(INITIAL 65536 NEXT 1048576 MINEXTENTS 1 MAXEXTENTS 2147483645
  PCTINCREASE 0 FREELISTS 1 FREELIST GROUPS 1
  BUFFER_POOL DEFAULT FLASH_CACHE DEFAULT CELL_FLASH_CACHE DEFAULT)
  TABLESPACE "USERS"  ENABLE;
--------------------------------------------------------
--  Constraints for Table UZITUNESAKNO
--------------------------------------------------------

  ALTER TABLE "INVESTIGACION"."UZITUNESAKNO" MODIFY ("UZITUNESAKNO_CODE" NOT NULL ENABLE);
  ALTER TABLE "INVESTIGACION"."UZITUNESAKNO" MODIFY ("UZITUNESAKNO_NAME" NOT NULL ENABLE);
  ALTER TABLE "INVESTIGACION"."UZITUNESAKNO" MODIFY ("UZITUNESAKNO_STATE" NOT NULL ENABLE);
  ALTER TABLE "INVESTIGACION"."UZITUNESAKNO" ADD PRIMARY KEY ("UZITUNESAKNO_CODE")
  USING INDEX PCTFREE 10 INITRANS 2 MAXTRANS 255 
  STORAGE(INITIAL 65536 NEXT 1048576 MINEXTENTS 1 MAXEXTENTS 2147483645
  PCTINCREASE 0 FREELISTS 1 FREELIST GROUPS 1
  BUFFER_POOL DEFAULT FLASH_CACHE DEFAULT CELL_FLASH_CACHE DEFAULT)
  TABLESPACE "USERS"  ENABLE;
  ALTER TABLE "INVESTIGACION"."UZITUNESAKNO" ADD CONSTRAINT "UK_UZITUNESAKNO_NAME" UNIQUE ("UZITUNESAKNO_NAME")
  USING INDEX PCTFREE 10 INITRANS 2 MAXTRANS 255 COMPUTE STATISTICS 
  STORAGE(INITIAL 65536 NEXT 1048576 MINEXTENTS 1 MAXEXTENTS 2147483645
  PCTINCREASE 0 FREELISTS 1 FREELIST GROUPS 1
  BUFFER_POOL DEFAULT FLASH_CACHE DEFAULT CELL_FLASH_CACHE DEFAULT)
  TABLESPACE "USERS"  ENABLE;
--------------------------------------------------------
--  Constraints for Table UZITPOLICYPL
--------------------------------------------------------

  ALTER TABLE "INVESTIGACION"."UZITPOLICYPL" MODIFY ("UZITPOLICYPL_CODE" NOT NULL ENABLE);
  ALTER TABLE "INVESTIGACION"."UZITPOLICYPL" MODIFY ("UZITPOLICYPL_NAME" NOT NULL ENABLE);
  ALTER TABLE "INVESTIGACION"."UZITPOLICYPL" MODIFY ("UZITPOLICYPL_STATE" NOT NULL ENABLE);
  ALTER TABLE "INVESTIGACION"."UZITPOLICYPL" MODIFY ("UZITGOALPL_CODE" NOT NULL ENABLE);
  ALTER TABLE "INVESTIGACION"."UZITPOLICYPL" ADD PRIMARY KEY ("UZITPOLICYPL_CODE")
  USING INDEX PCTFREE 10 INITRANS 2 MAXTRANS 255 
  STORAGE(INITIAL 65536 NEXT 1048576 MINEXTENTS 1 MAXEXTENTS 2147483645
  PCTINCREASE 0 FREELISTS 1 FREELIST GROUPS 1
  BUFFER_POOL DEFAULT FLASH_CACHE DEFAULT CELL_FLASH_CACHE DEFAULT)
  TABLESPACE "USERS"  ENABLE;
--------------------------------------------------------
--  Constraints for Table UZITNEWS
--------------------------------------------------------

  ALTER TABLE "INVESTIGACION"."UZITNEWS" MODIFY ("UZITNEWS_CODE" NOT NULL ENABLE);
  ALTER TABLE "INVESTIGACION"."UZITNEWS" MODIFY ("UZITNEWS_BODY" NOT NULL ENABLE);
  ALTER TABLE "INVESTIGACION"."UZITNEWS" MODIFY ("UZITNEWS_END_DATE" NOT NULL ENABLE);
  ALTER TABLE "INVESTIGACION"."UZITNEWS" MODIFY ("UZITNEWS_IMAGE" NOT NULL ENABLE);
  ALTER TABLE "INVESTIGACION"."UZITNEWS" MODIFY ("UZITNEWS_START_DATE" NOT NULL ENABLE);
  ALTER TABLE "INVESTIGACION"."UZITNEWS" MODIFY ("UZITNEWS_SUBTITLE" NOT NULL ENABLE);
  ALTER TABLE "INVESTIGACION"."UZITNEWS" MODIFY ("UZITNEWS_TITLE" NOT NULL ENABLE);
  ALTER TABLE "INVESTIGACION"."UZITNEWS" ADD PRIMARY KEY ("UZITNEWS_CODE")
  USING INDEX PCTFREE 10 INITRANS 2 MAXTRANS 255 
  STORAGE(INITIAL 65536 NEXT 1048576 MINEXTENTS 1 MAXEXTENTS 2147483645
  PCTINCREASE 0 FREELISTS 1 FREELIST GROUPS 1
  BUFFER_POOL DEFAULT FLASH_CACHE DEFAULT CELL_FLASH_CACHE DEFAULT)
  TABLESPACE "USERS"  ENABLE;
--------------------------------------------------------
--  Constraints for Table UZITPROJGOAL
--------------------------------------------------------

  ALTER TABLE "INVESTIGACION"."UZITPROJGOAL" MODIFY ("UZITPROJGOAL_CODE" NOT NULL ENABLE);
  ALTER TABLE "INVESTIGACION"."UZITPROJGOAL" MODIFY ("UZITPROJGOAL_ASSUMP" NOT NULL ENABLE);
  ALTER TABLE "INVESTIGACION"."UZITPROJGOAL" MODIFY ("UZITPROJGOAL_DELI" NOT NULL ENABLE);
  ALTER TABLE "INVESTIGACION"."UZITPROJGOAL" MODIFY ("UZITPROJGOAL_GEN" NOT NULL ENABLE);
  ALTER TABLE "INVESTIGACION"."UZITPROJGOAL" MODIFY ("UZITPROJGOAL_INDICATOR" NOT NULL ENABLE);
  ALTER TABLE "INVESTIGACION"."UZITPROJGOAL" MODIFY ("UZITPROJGOAL_NAME" NOT NULL ENABLE);
  ALTER TABLE "INVESTIGACION"."UZITPROJGOAL" MODIFY ("UZITPROJGOAL_STATE" NOT NULL ENABLE);
  ALTER TABLE "INVESTIGACION"."UZITPROJGOAL" ADD PRIMARY KEY ("UZITPROJGOAL_CODE")
  USING INDEX PCTFREE 10 INITRANS 2 MAXTRANS 255 
  TABLESPACE "USERS"  ENABLE;
--------------------------------------------------------
--  Constraints for Table UZITCOVER
--------------------------------------------------------

  ALTER TABLE "INVESTIGACION"."UZITCOVER" MODIFY ("UZITCOVER_CODE" NOT NULL ENABLE);
  ALTER TABLE "INVESTIGACION"."UZITCOVER" MODIFY ("UZITCOVER_NAME" NOT NULL ENABLE);
  ALTER TABLE "INVESTIGACION"."UZITCOVER" MODIFY ("UZITCOVER_STATE" NOT NULL ENABLE);
  ALTER TABLE "INVESTIGACION"."UZITCOVER" MODIFY ("UZITCOVERTYP_CODE" NOT NULL ENABLE);
  ALTER TABLE "INVESTIGACION"."UZITCOVER" ADD PRIMARY KEY ("UZITCOVER_CODE")
  USING INDEX PCTFREE 10 INITRANS 2 MAXTRANS 255 
  TABLESPACE "USERS"  ENABLE;
--------------------------------------------------------
--  Constraints for Table UZITPROSTA
--------------------------------------------------------

  ALTER TABLE "INVESTIGACION"."UZITPROSTA" ADD CONSTRAINT "UK_UZITPROSTA_NAME" UNIQUE ("UZITPROSTA_NAME")
  USING INDEX PCTFREE 10 INITRANS 2 MAXTRANS 255 COMPUTE STATISTICS 
  STORAGE(INITIAL 65536 NEXT 1048576 MINEXTENTS 1 MAXEXTENTS 2147483645
  PCTINCREASE 0 FREELISTS 1 FREELIST GROUPS 1
  BUFFER_POOL DEFAULT FLASH_CACHE DEFAULT CELL_FLASH_CACHE DEFAULT)
  TABLESPACE "USERS"  ENABLE;
  ALTER TABLE "INVESTIGACION"."UZITPROSTA" MODIFY ("UZITPROSTA_CODE" NOT NULL ENABLE);
  ALTER TABLE "INVESTIGACION"."UZITPROSTA" MODIFY ("UZITPROSTA_NAME" NOT NULL ENABLE);
  ALTER TABLE "INVESTIGACION"."UZITPROSTA" MODIFY ("UZITPROSTA_STATE" NOT NULL ENABLE);
  ALTER TABLE "INVESTIGACION"."UZITPROSTA" ADD PRIMARY KEY ("UZITPROSTA_CODE")
  USING INDEX PCTFREE 10 INITRANS 2 MAXTRANS 255 
  STORAGE(INITIAL 65536 NEXT 1048576 MINEXTENTS 1 MAXEXTENTS 2147483645
  PCTINCREASE 0 FREELISTS 1 FREELIST GROUPS 1
  BUFFER_POOL DEFAULT FLASH_CACHE DEFAULT CELL_FLASH_CACHE DEFAULT)
  TABLESPACE "USERS"  ENABLE;
--------------------------------------------------------
--  Constraints for Table UZITACTIRES
--------------------------------------------------------

  ALTER TABLE "INVESTIGACION"."UZITACTIRES" MODIFY ("UZITACTIRES_CODE" NOT NULL ENABLE);
  ALTER TABLE "INVESTIGACION"."UZITACTIRES" MODIFY ("UZITRES_STATE" NOT NULL ENABLE);
  ALTER TABLE "INVESTIGACION"."UZITACTIRES" MODIFY ("UZITGOALACTI_CODE" NOT NULL ENABLE);
  ALTER TABLE "INVESTIGACION"."UZITACTIRES" MODIFY ("UZITRES_CODE" NOT NULL ENABLE);
  ALTER TABLE "INVESTIGACION"."UZITACTIRES" ADD PRIMARY KEY ("UZITACTIRES_CODE")
  USING INDEX PCTFREE 10 INITRANS 2 MAXTRANS 255 
  TABLESPACE "USERS"  ENABLE;
--------------------------------------------------------
--  Constraints for Table UZITSCIDIS
--------------------------------------------------------

  ALTER TABLE "INVESTIGACION"."UZITSCIDIS" MODIFY ("UZITSCIDIS_CODE" NOT NULL ENABLE);
  ALTER TABLE "INVESTIGACION"."UZITSCIDIS" MODIFY ("UZITSCIDIS_NAME" NOT NULL ENABLE);
  ALTER TABLE "INVESTIGACION"."UZITSCIDIS" MODIFY ("UZITSCIDIS_STATE" NOT NULL ENABLE);
  ALTER TABLE "INVESTIGACION"."UZITSCIDIS" ADD PRIMARY KEY ("UZITSCIDIS_CODE")
  USING INDEX PCTFREE 10 INITRANS 2 MAXTRANS 255 
  STORAGE(INITIAL 65536 NEXT 1048576 MINEXTENTS 1 MAXEXTENTS 2147483645
  PCTINCREASE 0 FREELISTS 1 FREELIST GROUPS 1
  BUFFER_POOL DEFAULT FLASH_CACHE DEFAULT CELL_FLASH_CACHE DEFAULT)
  TABLESPACE "USERS"  ENABLE;
  ALTER TABLE "INVESTIGACION"."UZITSCIDIS" ADD CONSTRAINT "UK_UZITSCIDIS_NAME" UNIQUE ("UZITSCIDIS_NAME")
  USING INDEX PCTFREE 10 INITRANS 2 MAXTRANS 255 COMPUTE STATISTICS 
  STORAGE(INITIAL 65536 NEXT 1048576 MINEXTENTS 1 MAXEXTENTS 2147483645
  PCTINCREASE 0 FREELISTS 1 FREELIST GROUPS 1
  BUFFER_POOL DEFAULT FLASH_CACHE DEFAULT CELL_FLASH_CACHE DEFAULT)
  TABLESPACE "USERS"  ENABLE;
--------------------------------------------------------
--  Constraints for Table UZITUSEROLE
--------------------------------------------------------

  ALTER TABLE "INVESTIGACION"."UZITUSEROLE" MODIFY ("UZITUSER_CODE" NOT NULL ENABLE);
  ALTER TABLE "INVESTIGACION"."UZITUSEROLE" MODIFY ("UZITROLE_CODE" NOT NULL ENABLE);
  ALTER TABLE "INVESTIGACION"."UZITUSEROLE" ADD CONSTRAINT "UK_UZITUSEROLE" UNIQUE ("UZITUSER_CODE", "UZITROLE_CODE")
  USING INDEX PCTFREE 10 INITRANS 2 MAXTRANS 255 COMPUTE STATISTICS 
  STORAGE(INITIAL 65536 NEXT 1048576 MINEXTENTS 1 MAXEXTENTS 2147483645
  PCTINCREASE 0 FREELISTS 1 FREELIST GROUPS 1
  BUFFER_POOL DEFAULT FLASH_CACHE DEFAULT CELL_FLASH_CACHE DEFAULT)
  TABLESPACE "USERS"  ENABLE;
--------------------------------------------------------
--  Constraints for Table UZITRESGRO
--------------------------------------------------------

  ALTER TABLE "INVESTIGACION"."UZITRESGRO" ADD CONSTRAINT "UK_UZITRESGRO_NAME" UNIQUE ("UZITRESGRO_NAME")
  USING INDEX PCTFREE 10 INITRANS 2 MAXTRANS 255 COMPUTE STATISTICS 
  STORAGE(INITIAL 65536 NEXT 1048576 MINEXTENTS 1 MAXEXTENTS 2147483645
  PCTINCREASE 0 FREELISTS 1 FREELIST GROUPS 1
  BUFFER_POOL DEFAULT FLASH_CACHE DEFAULT CELL_FLASH_CACHE DEFAULT)
  TABLESPACE "USERS"  ENABLE;
  ALTER TABLE "INVESTIGACION"."UZITRESGRO" MODIFY ("UZITRESGRO_CODE" NOT NULL ENABLE);
  ALTER TABLE "INVESTIGACION"."UZITRESGRO" MODIFY ("UZITRESGRO_NAME" NOT NULL ENABLE);
  ALTER TABLE "INVESTIGACION"."UZITRESGRO" MODIFY ("UZITRESGRO_STATE" NOT NULL ENABLE);
  ALTER TABLE "INVESTIGACION"."UZITRESGRO" ADD PRIMARY KEY ("UZITRESGRO_CODE")
  USING INDEX PCTFREE 10 INITRANS 2 MAXTRANS 255 
  STORAGE(INITIAL 65536 NEXT 1048576 MINEXTENTS 1 MAXEXTENTS 2147483645
  PCTINCREASE 0 FREELISTS 1 FREELIST GROUPS 1
  BUFFER_POOL DEFAULT FLASH_CACHE DEFAULT CELL_FLASH_CACHE DEFAULT)
  TABLESPACE "USERS"  ENABLE;
--------------------------------------------------------
--  Constraints for Table UZITPROSTSER
--------------------------------------------------------

  ALTER TABLE "INVESTIGACION"."UZITPROSTSER" ADD CONSTRAINT "UK_UZITPROSTSER_NAME" UNIQUE ("UZITPROSTSER_NAME")
  USING INDEX PCTFREE 10 INITRANS 2 MAXTRANS 255 COMPUTE STATISTICS 
  TABLESPACE "USERS"  ENABLE;
  ALTER TABLE "INVESTIGACION"."UZITPROSTSER" MODIFY ("UZITPROSTSER_CODE" NOT NULL ENABLE);
  ALTER TABLE "INVESTIGACION"."UZITPROSTSER" MODIFY ("UZITPROSTSER_NAME" NOT NULL ENABLE);
  ALTER TABLE "INVESTIGACION"."UZITPROSTSER" MODIFY ("UZITPROSTSER_STATE" NOT NULL ENABLE);
  ALTER TABLE "INVESTIGACION"."UZITPROSTSER" ADD PRIMARY KEY ("UZITPROSTSER_CODE")
  USING INDEX PCTFREE 10 INITRANS 2 MAXTRANS 255 
  TABLESPACE "USERS"  ENABLE;
--------------------------------------------------------
--  Constraints for Table UZITPROTY
--------------------------------------------------------

  ALTER TABLE "INVESTIGACION"."UZITPROTY" ADD CONSTRAINT "UK_UZITPROTY_NAME" UNIQUE ("UZITPROTY_NAME")
  USING INDEX PCTFREE 10 INITRANS 2 MAXTRANS 255 COMPUTE STATISTICS 
  STORAGE(INITIAL 65536 NEXT 1048576 MINEXTENTS 1 MAXEXTENTS 2147483645
  PCTINCREASE 0 FREELISTS 1 FREELIST GROUPS 1
  BUFFER_POOL DEFAULT FLASH_CACHE DEFAULT CELL_FLASH_CACHE DEFAULT)
  TABLESPACE "USERS"  ENABLE;
  ALTER TABLE "INVESTIGACION"."UZITPROTY" MODIFY ("UZITPROTY_CODE" NOT NULL ENABLE);
  ALTER TABLE "INVESTIGACION"."UZITPROTY" MODIFY ("UZITPROTY_NAME" NOT NULL ENABLE);
  ALTER TABLE "INVESTIGACION"."UZITPROTY" MODIFY ("UZITPROTY_STATE" NOT NULL ENABLE);
  ALTER TABLE "INVESTIGACION"."UZITPROTY" ADD PRIMARY KEY ("UZITPROTY_CODE")
  USING INDEX PCTFREE 10 INITRANS 2 MAXTRANS 255 
  STORAGE(INITIAL 65536 NEXT 1048576 MINEXTENTS 1 MAXEXTENTS 2147483645
  PCTINCREASE 0 FREELISTS 1 FREELIST GROUPS 1
  BUFFER_POOL DEFAULT FLASH_CACHE DEFAULT CELL_FLASH_CACHE DEFAULT)
  TABLESPACE "USERS"  ENABLE;
--------------------------------------------------------
--  Constraints for Table UZITBIBLIO
--------------------------------------------------------

  ALTER TABLE "INVESTIGACION"."UZITBIBLIO" ADD CONSTRAINT "UK_UZITBIBLIO_TITLE" UNIQUE ("UZITBIBLIO_TITLE")
  USING INDEX PCTFREE 10 INITRANS 2 MAXTRANS 255 COMPUTE STATISTICS 
  TABLESPACE "USERS"  ENABLE;
  ALTER TABLE "INVESTIGACION"."UZITBIBLIO" MODIFY ("UZITBIBLIO_CODE" NOT NULL ENABLE);
  ALTER TABLE "INVESTIGACION"."UZITBIBLIO" MODIFY ("UZITBIBLIO_STATE" NOT NULL ENABLE);
  ALTER TABLE "INVESTIGACION"."UZITBIBLIO" MODIFY ("UZITBIBLIO_TITLE" NOT NULL ENABLE);
  ALTER TABLE "INVESTIGACION"."UZITBIBLIO" MODIFY ("UZITBIBLIO_WEBSITE" NOT NULL ENABLE);
  ALTER TABLE "INVESTIGACION"."UZITBIBLIO" ADD PRIMARY KEY ("UZITBIBLIO_CODE")
  USING INDEX PCTFREE 10 INITRANS 2 MAXTRANS 255 
  TABLESPACE "USERS"  ENABLE;
--------------------------------------------------------
--  Constraints for Table UZITPROJREQ
--------------------------------------------------------

  ALTER TABLE "INVESTIGACION"."UZITPROJREQ" MODIFY ("UZITPROJREQ_CODE" NOT NULL ENABLE);
  ALTER TABLE "INVESTIGACION"."UZITPROJREQ" MODIFY ("UZITRES_STATE" NOT NULL ENABLE);
  ALTER TABLE "INVESTIGACION"."UZITPROJREQ" MODIFY ("UZITPROJEC_CODE" NOT NULL ENABLE);
  ALTER TABLE "INVESTIGACION"."UZITPROJREQ" MODIFY ("UZITREQ_CODE" NOT NULL ENABLE);
  ALTER TABLE "INVESTIGACION"."UZITPROJREQ" ADD PRIMARY KEY ("UZITPROJREQ_CODE")
  USING INDEX PCTFREE 10 INITRANS 2 MAXTRANS 255 
  TABLESPACE "USERS"  ENABLE;
--------------------------------------------------------
--  Constraints for Table UZITREQ
--------------------------------------------------------

  ALTER TABLE "INVESTIGACION"."UZITREQ" ADD CONSTRAINT "UK_UZITREQ_NAME" UNIQUE ("UZITREQ_NAME")
  USING INDEX PCTFREE 10 INITRANS 2 MAXTRANS 255 COMPUTE STATISTICS 
  STORAGE(INITIAL 65536 NEXT 1048576 MINEXTENTS 1 MAXEXTENTS 2147483645
  PCTINCREASE 0 FREELISTS 1 FREELIST GROUPS 1
  BUFFER_POOL DEFAULT FLASH_CACHE DEFAULT CELL_FLASH_CACHE DEFAULT)
  TABLESPACE "USERS"  ENABLE;
  ALTER TABLE "INVESTIGACION"."UZITREQ" MODIFY ("UZITREQ_CODE" NOT NULL ENABLE);
  ALTER TABLE "INVESTIGACION"."UZITREQ" MODIFY ("UZITREQ_NAME" NOT NULL ENABLE);
  ALTER TABLE "INVESTIGACION"."UZITREQ" MODIFY ("UZITREQ_STATE" NOT NULL ENABLE);
  ALTER TABLE "INVESTIGACION"."UZITREQ" ADD PRIMARY KEY ("UZITREQ_CODE")
  USING INDEX PCTFREE 10 INITRANS 2 MAXTRANS 255 
  STORAGE(INITIAL 65536 NEXT 1048576 MINEXTENTS 1 MAXEXTENTS 2147483645
  PCTINCREASE 0 FREELISTS 1 FREELIST GROUPS 1
  BUFFER_POOL DEFAULT FLASH_CACHE DEFAULT CELL_FLASH_CACHE DEFAULT)
  TABLESPACE "USERS"  ENABLE;
--------------------------------------------------------
--  Constraints for Table UZITGOALPL
--------------------------------------------------------

  ALTER TABLE "INVESTIGACION"."UZITGOALPL" MODIFY ("UZITGOALPL_CODE" NOT NULL ENABLE);
  ALTER TABLE "INVESTIGACION"."UZITGOALPL" MODIFY ("UZITGOALPL_NAME" NOT NULL ENABLE);
  ALTER TABLE "INVESTIGACION"."UZITGOALPL" MODIFY ("UZITGOALPL_STATE" NOT NULL ENABLE);
  ALTER TABLE "INVESTIGACION"."UZITGOALPL" ADD PRIMARY KEY ("UZITGOALPL_CODE")
  USING INDEX PCTFREE 10 INITRANS 2 MAXTRANS 255 
  STORAGE(INITIAL 65536 NEXT 1048576 MINEXTENTS 1 MAXEXTENTS 2147483645
  PCTINCREASE 0 FREELISTS 1 FREELIST GROUPS 1
  BUFFER_POOL DEFAULT FLASH_CACHE DEFAULT CELL_FLASH_CACHE DEFAULT)
  TABLESPACE "USERS"  ENABLE;
--------------------------------------------------------
--  Constraints for Table UZITUSER
--------------------------------------------------------

  ALTER TABLE "INVESTIGACION"."UZITUSER" MODIFY ("UZITUSER_CODE" NOT NULL ENABLE);
  ALTER TABLE "INVESTIGACION"."UZITUSER" MODIFY ("UZITUSER_APPRO_PROJ" NOT NULL ENABLE);
  ALTER TABLE "INVESTIGACION"."UZITUSER" MODIFY ("UZITUSER_BIRTH_DATE" NOT NULL ENABLE);
  ALTER TABLE "INVESTIGACION"."UZITUSER" MODIFY ("UZITUSER_CREA_DATE" NOT NULL ENABLE);
  ALTER TABLE "INVESTIGACION"."UZITUSER" MODIFY ("UZITUSER_DISAPPRO_PROJ" NOT NULL ENABLE);
  ALTER TABLE "INVESTIGACION"."UZITUSER" MODIFY ("UZITUSER_EMAIL" NOT NULL ENABLE);
  ALTER TABLE "INVESTIGACION"."UZITUSER" MODIFY ("UZITUSER_LASTNAME" NOT NULL ENABLE);
  ALTER TABLE "INVESTIGACION"."UZITUSER" MODIFY ("UZITUSER_LOGIN" NOT NULL ENABLE);
  ALTER TABLE "INVESTIGACION"."UZITUSER" MODIFY ("UZITUSER_NAME" NOT NULL ENABLE);
  ALTER TABLE "INVESTIGACION"."UZITUSER" MODIFY ("UZITUSER_PASSWORD" NOT NULL ENABLE);
  ALTER TABLE "INVESTIGACION"."UZITUSER" MODIFY ("UZITUSER_PEND_PROJ" NOT NULL ENABLE);
  ALTER TABLE "INVESTIGACION"."UZITUSER" MODIFY ("UZITUSER_STATE" NOT NULL ENABLE);
  ALTER TABLE "INVESTIGACION"."UZITUSER" MODIFY ("UZITUSER_USERNAME" NOT NULL ENABLE);
  ALTER TABLE "INVESTIGACION"."UZITUSER" ADD PRIMARY KEY ("UZITUSER_CODE")
  USING INDEX PCTFREE 10 INITRANS 2 MAXTRANS 255 
  STORAGE(INITIAL 65536 NEXT 1048576 MINEXTENTS 1 MAXEXTENTS 2147483645
  PCTINCREASE 0 FREELISTS 1 FREELIST GROUPS 1
  BUFFER_POOL DEFAULT FLASH_CACHE DEFAULT CELL_FLASH_CACHE DEFAULT)
  TABLESPACE "USERS"  ENABLE;
  ALTER TABLE "INVESTIGACION"."UZITUSER" ADD CONSTRAINT "UK_UZITUSER" UNIQUE ("UZITUSER_EMAIL", "UZITUSER_USERNAME")
  USING INDEX PCTFREE 10 INITRANS 2 MAXTRANS 255 COMPUTE STATISTICS 
  STORAGE(INITIAL 65536 NEXT 1048576 MINEXTENTS 1 MAXEXTENTS 2147483645
  PCTINCREASE 0 FREELISTS 1 FREELIST GROUPS 1
  BUFFER_POOL DEFAULT FLASH_CACHE DEFAULT CELL_FLASH_CACHE DEFAULT)
  TABLESPACE "USERS"  ENABLE;
--------------------------------------------------------
--  Constraints for Table UZITCALLAR
--------------------------------------------------------

  ALTER TABLE "INVESTIGACION"."UZITCALLAR" ADD CONSTRAINT "UK_UZITCALLAR_NAME" UNIQUE ("UZITCALLAR_NAME")
  USING INDEX PCTFREE 10 INITRANS 2 MAXTRANS 255 COMPUTE STATISTICS 
  STORAGE(INITIAL 65536 NEXT 1048576 MINEXTENTS 1 MAXEXTENTS 2147483645
  PCTINCREASE 0 FREELISTS 1 FREELIST GROUPS 1
  BUFFER_POOL DEFAULT FLASH_CACHE DEFAULT CELL_FLASH_CACHE DEFAULT)
  TABLESPACE "USERS"  ENABLE;
  ALTER TABLE "INVESTIGACION"."UZITCALLAR" MODIFY ("UZITCALLAR_CODE" NOT NULL ENABLE);
  ALTER TABLE "INVESTIGACION"."UZITCALLAR" MODIFY ("UZITCALLAR_NAME" NOT NULL ENABLE);
  ALTER TABLE "INVESTIGACION"."UZITCALLAR" MODIFY ("UZITCALLAR_STATE" NOT NULL ENABLE);
  ALTER TABLE "INVESTIGACION"."UZITCALLAR" ADD PRIMARY KEY ("UZITCALLAR_CODE")
  USING INDEX PCTFREE 10 INITRANS 2 MAXTRANS 255 
  STORAGE(INITIAL 65536 NEXT 1048576 MINEXTENTS 1 MAXEXTENTS 2147483645
  PCTINCREASE 0 FREELISTS 1 FREELIST GROUPS 1
  BUFFER_POOL DEFAULT FLASH_CACHE DEFAULT CELL_FLASH_CACHE DEFAULT)
  TABLESPACE "USERS"  ENABLE;
--------------------------------------------------------
--  Constraints for Table UZITPROGRA
--------------------------------------------------------

  ALTER TABLE "INVESTIGACION"."UZITPROGRA" ADD CONSTRAINT "UK_UZITPROGRA_NAME" UNIQUE ("UZITPROGRA_NAME")
  USING INDEX PCTFREE 10 INITRANS 2 MAXTRANS 255 COMPUTE STATISTICS 
  STORAGE(INITIAL 65536 NEXT 1048576 MINEXTENTS 1 MAXEXTENTS 2147483645
  PCTINCREASE 0 FREELISTS 1 FREELIST GROUPS 1
  BUFFER_POOL DEFAULT FLASH_CACHE DEFAULT CELL_FLASH_CACHE DEFAULT)
  TABLESPACE "USERS"  ENABLE;
  ALTER TABLE "INVESTIGACION"."UZITPROGRA" MODIFY ("UZITPROGRA_CODE" NOT NULL ENABLE);
  ALTER TABLE "INVESTIGACION"."UZITPROGRA" MODIFY ("UZITPROGRA_NAME" NOT NULL ENABLE);
  ALTER TABLE "INVESTIGACION"."UZITPROGRA" MODIFY ("UZITPROGRA_STATE" NOT NULL ENABLE);
  ALTER TABLE "INVESTIGACION"."UZITPROGRA" ADD PRIMARY KEY ("UZITPROGRA_CODE")
  USING INDEX PCTFREE 10 INITRANS 2 MAXTRANS 255 
  STORAGE(INITIAL 65536 NEXT 1048576 MINEXTENTS 1 MAXEXTENTS 2147483645
  PCTINCREASE 0 FREELISTS 1 FREELIST GROUPS 1
  BUFFER_POOL DEFAULT FLASH_CACHE DEFAULT CELL_FLASH_CACHE DEFAULT)
  TABLESPACE "USERS"  ENABLE;
--------------------------------------------------------
--  Constraints for Table UZITROLEROUTE
--------------------------------------------------------

  ALTER TABLE "INVESTIGACION"."UZITROLEROUTE" MODIFY ("UZITROLE_CODE" NOT NULL ENABLE);
  ALTER TABLE "INVESTIGACION"."UZITROLEROUTE" MODIFY ("UZITROUTE_CODE" NOT NULL ENABLE);
  ALTER TABLE "INVESTIGACION"."UZITROLEROUTE" ADD CONSTRAINT "UK_UZITROLEROUTE" UNIQUE ("UZITROLE_CODE", "UZITROUTE_CODE")
  USING INDEX PCTFREE 10 INITRANS 2 MAXTRANS 255 COMPUTE STATISTICS 
  STORAGE(INITIAL 65536 NEXT 1048576 MINEXTENTS 1 MAXEXTENTS 2147483645
  PCTINCREASE 0 FREELISTS 1 FREELIST GROUPS 1
  BUFFER_POOL DEFAULT FLASH_CACHE DEFAULT CELL_FLASH_CACHE DEFAULT)
  TABLESPACE "USERS"  ENABLE;
--------------------------------------------------------
--  Constraints for Table UZITCALLAREA
--------------------------------------------------------

  ALTER TABLE "INVESTIGACION"."UZITCALLAREA" ADD CONSTRAINT "UK_UZITCALLAREA" UNIQUE ("UZITAREA_CODE", "UZITCALL_CODE")
  USING INDEX PCTFREE 10 INITRANS 2 MAXTRANS 255 COMPUTE STATISTICS 
  STORAGE(INITIAL 65536 NEXT 1048576 MINEXTENTS 1 MAXEXTENTS 2147483645
  PCTINCREASE 0 FREELISTS 1 FREELIST GROUPS 1
  BUFFER_POOL DEFAULT FLASH_CACHE DEFAULT CELL_FLASH_CACHE DEFAULT)
  TABLESPACE "USERS"  ENABLE;
  ALTER TABLE "INVESTIGACION"."UZITCALLAREA" MODIFY ("UZITCALL_CODE" NOT NULL ENABLE);
  ALTER TABLE "INVESTIGACION"."UZITCALLAREA" MODIFY ("UZITAREA_CODE" NOT NULL ENABLE);
